pitch_type,release_speed,release_spin_rate,release_pos_z,release_pos_x,spin_axis,SeamLat,SeamLon,pfx_x,pfx_z
FF,95.7,2247,6.1,-2.62,207,-4.254314901267381,64.7045737491278,-0.61,1.18
FF,94.7,2254,6.23,-2.59,208,-3.4006085285241876,71.07677361876205,-0.53,1.0
FF,94.0,2177,6.3,-2.31,195,-4.7899668283114485,76.46514472301243,-0.33,1.18
FF,95.4,2303,6.34,-2.45,200,-4.623492181060692,67.06732750618959,-0.49,1.37
FF,95.6,2484,6.18,-2.6,207,-4.482591846088362,62.62209587107511,-0.64,1.27
FF,95.9,2406,6.14,-2.47,211,-6.4537993814421695,61.34949326088097,-0.72,1.19
FF,95.9,2288,5.99,-2.68,213,-4.101422746559844,61.28606156083466,-0.73,1.14
FF,96.2,2266,6.27,-2.59,211,-3.6960290861589837,62.696681343689924,-0.69,1.12
FF,95.2,2294,6.26,-2.61,208,-3.7801343052568672,66.2924709239004,-0.61,1.12
FF,95.2,2379,6.3,-2.61,209,-4.69917545918231,58.88654224938186,-0.73,1.3
FF,95.4,2392,5.96,-1.96,213,-3.755382052468012,59.798164037755804,-0.77,1.17
FF,94.3,2267,6.18,-1.96,202,-2.4844888872323145,74.48697064452547,-0.42,1.05
FF,95.2,2590,6.19,-2.66,209,-4.448444823077536,54.137756181687834,-0.79,1.4
FF,94.2,2343,6.09,-3.13,204,-3.9448555089703192,65.83731041839948,-0.58,1.3
FF,96.3,2302,6.09,-2.77,198,-3.3347386269681683,69.7342439001494,-0.43,1.33
FF,94.8,2267,6.22,-2.67,194,-2.3342515024663415,76.40017600244343,-0.31,1.25
FF,95.3,2355,6.35,-2.58,199,-3.212039294187454,71.63191994336461,-0.42,1.24
FF,93.8,2280,6.31,-2.73,189,-3.6793521339289796,81.6394073407695,-0.19,1.26
FF,95.9,2195,6.26,-2.68,203,-5.080851315028937,67.90981525638747,-0.52,1.24
FF,95.7,2258,6.22,-2.14,200,-3.523225292592089,68.08665154179393,-0.48,1.31
FF,95.6,2312,6.07,-2.72,201,-4.769947084097533,69.24517092267168,-0.48,1.23
FF,94.9,2367,6.08,-2.93,200,-4.491364963074909,71.45585133199073,-0.43,1.2
FF,95.8,2469,6.16,-2.84,197,-4.323126734097534,69.49210525308077,-0.43,1.36
FF,95.5,2495,6.16,-2.92,201,-3.746868187419671,63.451744197410996,-0.54,1.42
FF,95.6,2426,6.22,-2.86,205,-5.229518442913493,60.58416083104513,-0.64,1.35
FF,95.3,2381,6.17,-2.78,201,-5.043521253900725,69.58208209874223,-0.47,1.24
FF,94.6,2321,6.19,-2.85,206,-4.968469446951338,64.8057301917652,-0.6,1.25
FF,93.9,2257,6.03,-3.05,192,-4.117490909940891,82.3777267125907,-0.21,1.0
FF,95.1,2319,6.11,-2.02,198,-3.6830202602652298,74.34573236193559,-0.39,1.17
FF,95.1,2214,6.11,-2.72,200,-3.037898359522813,73.52596924357347,-0.41,1.14
FF,95.4,2425,6.16,-2.6,198,-4.9239525406513485,73.65363486739396,-0.39,1.19
FF,94.9,2461,6.21,-2.62,199,-4.20179627650055,67.23604345281382,-0.48,1.36
FF,94.5,2382,6.31,-2.67,209,-4.77966787116057,60.90139538204909,-0.72,1.29
FF,95.2,2368,6.2,-2.73,204,-4.437485029952691,64.83357968799972,-0.57,1.32
FF,93.5,2396,6.3,-1.76,208,-4.9659018350036375,65.25453564205345,-0.64,1.23
FF,96.2,2482,6.01,-2.08,199,-1.869802550784495,75.10766980294396,-0.37,1.08
FF,95.5,2367,6.11,-1.84,195,-2.3860575024299058,75.88714041701186,-0.32,1.21
FF,95.5,2354,6.1,-1.79,209,-3.050403282334994,67.83750326295022,-0.59,1.07
FF,95.4,2308,6.21,-2.55,197,-3.9510880703912328,77.00362842792089,-0.32,1.05
FF,96.0,2344,6.2,-2.8,192,-4.710482244367611,77.73754469150904,-0.27,1.25
FF,94.1,2252,6.2,-2.93,203,-3.9766482116379347,75.95092711681559,-0.41,0.97
FF,92.1,2105,6.31,-1.97,206,-3.4550070152132073,72.57452236862774,-0.51,1.05
FF,93.0,2189,6.2,-2.09,204,-3.370009396943317,70.27828419415893,-0.52,1.14
FF,94.9,2346,6.13,-2.94,206,-1.3535621219302971,66.56644230881469,-0.58,1.2
FF,95.2,2326,6.09,-3.07,214,-3.9809756620072743,60.00241174398538,-0.77,1.16
FF,93.8,2380,6.2,-2.86,212,-3.7093370336374165,60.694810360066235,-0.75,1.21
FF,94.2,2283,6.17,-2.83,204,-4.22532671696955,73.06357137241594,-0.46,1.05
FF,95.0,2327,6.13,-2.93,204,-3.9589613542921476,72.70268680396893,-0.46,1.04
FF,94.2,2287,6.14,-2.74,212,-4.998135894114567,64.83750016084001,-0.67,1.08
FF,93.3,2305,6.19,-2.97,207,-3.970145653912929,69.04374317460862,-0.57,1.13
FF,92.6,2234,6.3,-2.87,193,-3.8448526379418952,79.26658847266879,-0.27,1.15
FF,92.7,2387,6.15,-1.96,204,-4.054666119646683,65.92715511033936,-0.59,1.32
FF,94.3,2461,6.13,-2.89,205,-4.9407415785382165,59.35145554133645,-0.68,1.42
FF,92.9,2270,6.25,-2.97,208,-3.13622602949599,66.96877923314513,-0.63,1.16
FF,93.2,2264,6.33,-3.07,209,-3.6284351280580354,68.09058557032907,-0.61,1.09
FF,92.7,2342,6.16,-1.95,202,-2.9576963882440563,70.21691182542452,-0.51,1.26
FF,93.3,2319,6.07,-1.7,205,-4.050003352878613,64.61436828669544,-0.61,1.32
FF,94.0,2377,6.2,-2.97,204,-4.179005185594212,59.17172096028483,-0.66,1.5
FF,93.2,2456,6.21,-2.9,206,-5.178592000947603,59.650650866509025,-0.7,1.44
FF,94.7,2478,6.02,-1.98,212,-3.576380806544768,54.043544142996396,-0.83,1.36
FF,94.0,2500,6.16,-1.83,202,-2.7564401258455042,62.34440058718026,-0.6,1.46
FF,91.6,2517,6.27,-2.02,214,-4.987418507358408,52.67633584746029,-1.01,1.49
FF,95.6,2338,6.06,-2.12,205,-2.4389074578064758,59.75501596330637,-0.66,1.39
FF,94.6,2197,6.18,-1.96,204,-2.72776558852405,67.37926271066543,-0.55,1.25
FF,94.8,2270,6.14,-1.93,207,-2.0522654801782374,63.78766386345317,-0.62,1.23
FF,94.1,2263,6.21,-1.92,205,-3.4819056456823962,68.9635240461817,-0.54,1.15
FF,93.7,2336,6.23,-1.8,198,-3.0908349896970564,69.40310677240326,-0.46,1.4
FF,96.0,2322,6.04,-1.7,210,-3.9597341348169315,59.44633921193519,-0.73,1.25
FF,94.8,2286,6.32,-1.62,199,-2.4494461967437036,67.22860165316781,-0.49,1.39
FF,96.3,2296,6.07,-1.76,211,-2.9909844116245017,60.07165659360168,-0.73,1.2
FF,95.1,2303,6.25,-1.75,207,-2.641399583663957,59.958281113878584,-0.69,1.34
FF,95.4,2339,6.19,-1.74,208,-3.1496448215477186,59.47316558131883,-0.71,1.34
FF,94.8,2330,6.33,-2.49,202,-4.934946962781561,63.278137815185815,-0.57,1.4
FF,95.3,2400,6.05,-3.01,210,-5.292364508660256,57.46693531186628,-0.77,1.32
FF,95.7,2293,6.07,-3.03,203,-3.6095199731944145,64.59749433919193,-0.56,1.33
FF,95.5,2304,6.0,-3.06,209,-5.916704194615542,53.541872194393626,-0.81,1.47
FF,94.4,2400,6.28,-2.98,205,-3.4632621015595753,57.830153915098315,-0.7,1.47
FF,95.3,2443,6.18,-1.83,204,-3.7298895042794418,57.98416818032531,-0.67,1.48
FF,95.1,2422,6.09,-1.93,207,-2.984713396720804,60.94238473311885,-0.69,1.32
FF,94.5,2443,6.2,-1.57,212,-4.3882566451531195,57.85955711891148,-0.79,1.29
FF,94.5,2477,5.96,-2.0,214,-3.9462932407949296,50.6451282462864,-0.96,1.42
FF,95.2,2416,6.15,-3.07,204,-4.928048102137384,64.05708385313909,-0.59,1.33
FF,95.3,2326,6.22,-2.83,213,-5.314505344281599,58.375210961259704,-0.8,1.24
FF,95.2,2360,6.22,-2.82,202,-4.993560964084087,61.72403028218204,-0.57,1.45
FF,93.7,2380,6.23,-3.03,201,-4.158877864367141,66.38178038203657,-0.53,1.37
FF,95.8,2500,6.14,-2.7,210,-4.694842585433148,51.025434712686625,-0.85,1.49
FF,95.9,2380,6.24,-2.7,203,-4.536485021711349,59.80851444901451,-0.61,1.46
FF,97.2,2350,6.06,-2.71,207,-4.341267470142489,56.511102937765486,-0.71,1.38
FF,95.1,2397,6.24,-2.73,208,-3.9053261039501606,57.465583066515656,-0.74,1.41
FF,95.5,2352,6.2,-2.64,203,-4.910376015167223,63.400180982830975,-0.59,1.36
FF,94.3,2390,6.28,-2.76,195,-4.955214139817645,69.20658503259739,-0.4,1.54
FF,95.2,2384,6.09,-2.81,194,-5.447113682044877,66.79570081561089,-0.41,1.6
FF,94.4,2276,6.26,-2.71,191,-4.232201332236269,74.45605028808131,-0.3,1.51
FF,93.8,2326,6.15,-2.06,216,-3.691474197287327,58.44272576821481,-0.87,1.21
FF,93.8,2333,6.22,-1.71,201,-4.644727492490692,69.68160852436695,-0.49,1.3
FF,94.9,2378,6.2,-1.9,208,-3.6443552227007303,60.77561496181195,-0.68,1.26
FF,93.5,2355,6.22,-1.88,213,-5.028793995881393,60.044900347148385,-0.81,1.24
FF,93.0,2339,6.2,-2.18,200,-3.753236270126257,67.28272180971913,-0.51,1.43
FF,94.8,2335,6.16,-2.18,208,-1.915805029675171,59.72154831201712,-0.72,1.34
FF,94.9,2283,6.07,-1.96,205,-4.059237292596006,60.40168581492338,-0.65,1.41
FF,95.1,2306,6.28,-2.94,204,-3.7114732024069332,67.94054567535892,-0.54,1.19
FF,93.8,2421,6.33,-2.93,209,-4.163599692658008,57.490582472336186,-0.78,1.39
FF,94.3,2472,6.32,-2.79,204,-4.149346247834119,64.58406545406939,-0.6,1.33
FF,93.4,2265,6.15,-3.0,197,-3.1329747983251153,68.17719682909431,-0.44,1.47
FF,93.7,2348,6.15,-3.1,194,-3.5567549834718157,70.03758753515775,-0.38,1.54
FF,93.1,2304,6.14,-3.0,195,-4.770517577533317,73.81636437677058,-0.36,1.36
FF,94.4,2358,6.12,-3.03,193,-2.8531257626107087,74.7857524255832,-0.32,1.34
FF,94.2,2378,6.07,-2.95,199,-4.419105178116841,63.68989591813282,-0.51,1.52
FF,93.3,2396,6.25,-2.92,205,-5.940023326950578,65.26574413776305,-0.61,1.31
FF,92.8,2469,6.22,-2.11,199,-3.011357854440329,68.3529664567742,-0.5,1.43
FF,93.5,2380,6.14,-2.11,202,-2.7613471252941113,65.87445006064844,-0.56,1.4
FF,92.9,2353,6.19,-1.96,209,-1.6856038399981317,61.53627092232371,-0.74,1.33
FF,93.5,2370,6.21,-2.63,198,-4.3286439141225355,73.3033479221281,-0.4,1.23
FF,95.0,2269,6.13,-2.78,198,-4.0892976066592865,70.99467465613074,-0.42,1.31
FF,92.9,2384,6.25,-2.83,198,-3.873019683679177,68.35421413320762,-0.47,1.45
FF,94.7,2391,6.12,-2.93,200,-3.445418367381928,67.72252470523148,-0.48,1.35
FF,94.2,2352,6.16,-3.1,199,-4.722417835475014,68.79016324830577,-0.47,1.34
FF,92.9,2422,6.2,-1.91,200,-2.7391017847538945,66.06579184111695,-0.52,1.45
FF,93.0,2288,6.14,-1.97,211,-3.6455223624119215,59.66101870045394,-0.78,1.3
FF,95.5,2273,6.04,-1.81,205,-2.8186634804715704,63.29276073799453,-0.61,1.29
FF,94.6,2384,6.16,-1.86,199,-3.1057344664082422,71.88962327867328,-0.42,1.26
FF,94.5,2280,6.07,-1.88,209,-3.3347663170412014,66.83228439036647,-0.62,1.11
FF,95.0,2237,6.04,-1.94,196,-2.582143335269297,72.35358953645104,-0.37,1.34
FF,95.2,2296,6.0,-1.95,202,-1.799451965695579,67.74481005783134,-0.52,1.25
FF,93.4,2298,6.19,-2.08,198,-2.6895771910006467,69.74364758672374,-0.45,1.43
FF,94.5,2280,6.11,-2.03,197,-2.923195479636815,71.23816911815548,-0.41,1.34
FF,93.3,2313,6.33,-2.88,193,-3.3749165882366725,73.52362120096828,-0.35,1.49
FF,93.1,2369,6.29,-2.86,190,-3.062256093894442,80.46822044576615,-0.23,1.24
FF,93.0,2375,6.31,-2.84,192,-4.873182273776933,78.58330253146406,-0.27,1.25
FF,92.5,2405,6.33,-2.95,209,-3.613152585267912,65.46578663451146,-0.68,1.2
FF,92.7,2206,6.25,-2.84,196,-5.046710091675097,72.70649995957149,-0.4,1.35
FF,94.5,2317,6.09,-1.98,205,-2.515781208526916,63.45484194971933,-0.61,1.33
FF,94.8,2406,6.1,-2.23,211,-2.110791526899804,59.925059586339,-0.75,1.26
FF,93.7,2264,6.18,-2.06,211,-3.0666265735241005,57.751340247373584,-0.81,1.35
FF,93.5,2272,6.26,-1.94,213,-2.0376276316874145,62.32430740178908,-0.76,1.18
FF,93.1,2294,6.38,-1.94,214,-3.277058705729851,56.011240782636406,-0.9,1.35
FF,93.2,2220,6.17,-2.87,205,-4.419424646935208,67.66054520547155,-0.57,1.21
FF,93.4,2353,6.12,-1.8,200,-2.6088289081163234,67.51456164446134,-0.5,1.4
FF,94.0,2512,6.02,-2.08,206,-1.4418284795445455,65.18326457064326,-0.62,1.24
FF,93.4,2347,6.09,-1.78,201,-1.976559415463414,66.34771004804803,-0.54,1.38
FF,93.2,2347,6.09,-2.03,203,-2.4072868793985704,66.68815738078435,-0.56,1.3
FF,93.9,2335,6.03,-1.74,202,-2.5341247998953724,68.22828974604099,-0.51,1.29
FF,93.5,2243,6.1,-3.0,202,-2.7801626498856993,68.75527765812532,-0.51,1.26
FF,93.2,2294,6.15,-2.96,204,-4.270582946443929,70.8687360569934,-0.52,1.16
FF,93.3,2325,6.06,-2.99,205,-5.2091251085644625,65.38639112470487,-0.61,1.32
FF,93.0,2398,6.06,-2.87,201,-3.673866300789873,66.2593689765265,-0.55,1.4
FF,94.7,2226,6.1,-2.83,207,-4.143615875164483,65.25160222690826,-0.61,1.18
FF,95.3,2131,6.07,-2.91,200,-3.8167259021616826,77.62736441344445,-0.34,0.95
FF,94.0,2201,6.13,-2.85,197,-3.4885118987576456,77.53090069473053,-0.33,1.1
FF,92.6,2106,6.12,-2.92,197,-2.679689453124036,77.33975606046552,-0.34,1.13
FF,92.9,2133,6.19,-1.59,195,-2.9430007036150925,81.95529066822779,-0.24,0.93
FF,93.5,2102,6.18,-1.79,202,-1.1270061134380571,71.83445207650958,-0.48,1.16
FF,95.1,2224,6.11,-1.9,197,-1.663972622406058,75.4283732217236,-0.35,1.17
FF,94.7,2098,6.18,-1.79,206,-1.3702688802917575,68.59237429073733,-0.55,1.14
FF,94.8,2131,6.16,-1.87,204,-2.076073658634166,71.83220959242685,-0.48,1.06
FF,94.6,2204,6.17,-1.87,200,-1.4528475959142433,73.56940122260836,-0.42,1.16
FF,94.1,2367,6.17,-2.9,199,-5.0714521996967425,71.87513005687711,-0.44,1.25
FF,93.9,2275,6.19,-2.85,196,-4.434779617466482,72.07197130064834,-0.4,1.36
FF,93.6,2055,6.36,-1.84,199,-2.5878992749411074,69.5748923757549,-0.47,1.34
FF,93.5,2188,6.26,-2.72,200,-2.211454322352475,71.55677199438774,-0.46,1.22
FF,94.3,2300,6.17,-1.88,204,-3.2034232693524767,66.60674785009066,-0.56,1.27
FF,93.4,2209,6.2,-1.89,204,-2.7441345706639173,67.97969541721864,-0.55,1.25
FF,93.0,2314,6.17,-1.88,210,-3.2489627587424446,66.32191423652016,-0.66,1.15
FF,94.3,2178,6.1,-1.85,216,-4.369537135875697,62.167745709507734,-0.78,1.06
FF,96.1,2377,6.18,-2.77,203,-5.35730930754257,66.60581576377467,-0.53,1.26
FF,95.2,2206,6.29,-2.96,201,-3.261781528738751,72.28704384556838,-0.44,1.12
FF,95.0,2252,6.15,-3.03,195,-4.932496352763903,76.93839057641154,-0.31,1.17
FF,93.9,2208,6.18,-2.99,189,-3.563331618549171,82.55616544671265,-0.19,1.15
FF,93.7,2237,6.27,-2.95,188,-4.954604043011782,83.09007233650733,-0.17,1.16
FF,94.6,2297,6.26,-2.97,194,-3.5007110945449376,76.04838498760998,-0.31,1.29
FF,93.6,2251,6.3,-3.0,197,-3.5988710843718272,76.02931656252824,-0.36,1.14
FF,93.0,2102,6.36,-2.98,198,-4.391093205987737,69.73557030688941,-0.47,1.4
FF,93.6,2095,6.41,-2.83,200,-4.987231067948645,72.42271834270696,-0.45,1.22
FF,94.1,2186,6.34,-2.83,196,-5.570421591348492,72.22456364855404,-0.39,1.37
FF,94.7,2183,6.31,-1.97,201,-4.019815596685923,65.95529847006298,-0.52,1.37
FF,93.4,2231,6.28,-2.04,196,-4.136743392904244,67.6360311041791,-0.44,1.55
FF,92.6,2207,6.29,-2.06,203,-3.2624148199273195,67.49887840287006,-0.56,1.34
FF,92.8,2259,6.3,-1.57,198,-3.726193725174286,72.36512682242193,-0.43,1.31
FF,96.2,2222,6.22,-2.65,196,-5.41568287007028,71.29940867368315,-0.39,1.33
FF,95.7,2314,6.31,-2.53,197,-4.694139737291663,71.31991282087041,-0.4,1.33
FF,93.9,2209,6.42,-2.74,192,-2.5125929804742264,75.56918465663823,-0.31,1.44
FF,94.6,2242,6.35,-2.56,194,-5.85890631727401,76.13298449889214,-0.32,1.26
FF,94.1,2181,6.38,-2.66,187,-2.456608380967829,83.65402790269711,-0.15,1.23
FF,95.5,2161,6.2,-2.9,207,-4.444282347131464,58.639052298570114,-0.69,1.38
FF,93.7,2296,6.45,-2.67,195,-4.233128639757105,72.43950193354816,-0.38,1.39
FF,93.4,2240,6.49,-2.75,198,-4.870373127284286,69.74163727497539,-0.46,1.45
FF,94.5,2252,6.38,-2.69,201,-3.5974561994370595,66.47968201811416,-0.52,1.38
FF,93.8,2291,6.32,-1.92,205,-3.2093428837572415,62.78029964371941,-0.65,1.36
FF,93.6,2216,6.37,-1.87,195,-2.3308566693077424,76.45116899917541,-0.33,1.25
FF,92.5,2266,6.35,-2.99,202,-3.171610325672704,70.31397225901144,-0.52,1.28
FF,95.3,2339,6.15,-1.81,208,-4.325264674543307,65.81449976901213,-0.61,1.15
FF,93.7,2370,6.18,-1.72,183,-4.122124386275516,88.49464431341039,-0.04,0.91
FF,94.2,2331,6.27,-1.86,201,-2.2717428407227658,72.77139379939352,-0.44,1.16
FF,96.0,2362,6.14,-1.78,206,-2.5888875597456584,64.14652516481783,-0.61,1.24
FF,93.8,2295,6.22,-1.98,202,-3.1001914089645908,73.55194955447934,-0.43,1.1
FF,93.6,2207,6.09,-1.98,204,-2.974953996398227,71.19355748066229,-0.5,1.13
FF,93.6,2304,6.21,-1.85,199,-1.2297281204358053,72.40502180667092,-0.43,1.27
FF,94.5,2309,6.11,-2.9,194,-4.031692760478591,73.83553526477331,-0.35,1.36
FF,95.0,2298,6.17,-2.86,205,-3.7575192431477507,64.53957151387361,-0.59,1.3
FF,94.7,2239,6.2,-2.99,194,-4.8105372157516975,74.1045869866809,-0.34,1.33
FF,94.0,2331,6.12,-2.92,194,-3.5416711931004317,80.0974877712947,-0.27,1.05
FF,93.5,2344,6.14,-3.07,199,-3.9722207213933953,71.92682566653428,-0.43,1.28
FF,94.5,2179,6.13,-2.79,199,-4.306456245733935,73.8188484070983,-0.4,1.17
FF,94.7,2327,6.17,-3.06,201,-4.391133459942642,65.9084253517775,-0.52,1.37
FF,94.0,2252,6.33,-1.6,211,-3.3169143669141525,66.0765087122118,-0.65,1.09
FF,94.7,2203,6.06,-2.57,208,-4.6669823124790675,67.66159986702765,-0.58,1.08
FF,94.2,2242,6.12,-2.69,197,-5.147153741282859,79.38557099142682,-0.3,0.95
FF,94.4,2255,6.17,-2.71,196,-3.435106877177531,73.2171310984852,-0.37,1.31
FF,95.5,2378,6.14,-2.79,195,-4.550629513336058,72.07854836428046,-0.37,1.35
FF,93.8,2362,6.23,-2.92,191,-2.3369928814337304,77.9053283157308,-0.27,1.32
FF,93.4,2286,6.26,-2.91,199,-3.4565128244897583,73.39364418628448,-0.42,1.22
FF,94.8,2291,6.04,-2.93,198,-3.8996102321125514,68.80729643949195,-0.45,1.38
FF,94.2,2331,6.06,-2.86,202,-5.026641375926073,71.76093105847436,-0.47,1.16
FF,94.1,2314,6.13,-2.93,196,-3.381822228028745,73.31444878869311,-0.37,1.32
FF,92.1,2417,6.25,-2.89,191,-4.140436580227054,79.62461800242014,-0.25,1.31
FF,94.0,2325,6.18,-2.85,199,-4.559279451216598,69.06159794423847,-0.47,1.34
FF,93.3,1144,6.2,-2.87,193,-3.4943661505300407,75.60425702236955,-0.32,1.37
FF,92.3,2334,6.28,-2.84,198,-3.5733325368941453,74.84320409150608,-0.4,1.23
FF,93.5,2390,6.16,-2.96,195,-3.1720089181065423,73.98908551186445,-0.36,1.37
FF,93.8,2304,6.17,-1.67,202,-2.9890218835960676,75.90654305322153,-0.4,0.99
FF,93.7,2370,6.21,-1.82,204,-1.6819180401202913,69.83647637139634,-0.52,1.15
FF,94.0,2369,6.19,-1.79,201,-2.1583519754609424,71.34474972565602,-0.46,1.18
FF,94.2,2282,6.18,-1.71,203,-2.6613834100669407,71.27811907795075,-0.49,1.13
FF,92.7,2575,6.25,-1.63,203,-3.238164770458349,67.69140714433571,-0.56,1.3
FF,95.0,2478,6.15,-2.05,207,-2.6579170725971606,57.40406146441983,-0.73,1.4
FF,93.2,2352,6.3,-1.91,196,-3.4867838467332737,72.86941025878448,-0.39,1.35
FF,94.2,2447,6.27,-1.93,206,-2.976544214854106,61.941575482308224,-0.65,1.35
FF,92.3,2420,6.36,-1.9,197,-3.0281682348707424,77.61087721479666,-0.34,1.14
FF,92.3,2513,6.34,-2.06,197,-4.2813434181234085,78.28846266646254,-0.34,1.08
FF,92.2,2478,6.34,-2.01,185,-3.367155992835567,85.21388421607958,-0.11,1.33
FF,93.1,2472,6.42,-2.39,197,-5.340259424948165,69.71242234630576,-0.44,1.48
FF,92.7,2093,6.33,-2.12,201,-2.3579884248357232,73.98005474317635,-0.44,1.12
FF,93.5,2262,6.38,-2.09,206,-3.9861716409189993,65.47376260433167,-0.62,1.27
FF,94.8,2159,6.31,-2.07,208,-3.8587855245645266,63.09629931775842,-0.66,1.23
FF,93.6,2268,6.36,-2.18,195,-2.671200072724883,77.76564351511634,-0.31,1.19
FF,94.2,2354,6.38,-2.14,191,-2.9249626650523157,78.82948982325745,-0.25,1.36
FF,94.3,2479,6.44,-2.04,199,-3.3793676556303915,70.3566063426083,-0.45,1.34
FF,93.6,2447,6.38,-2.04,198,-5.037906389625589,72.14908455876535,-0.42,1.3
FF,92.6,2264,6.37,-2.03,204,-3.9881764746792068,66.07616622492176,-0.59,1.32
FF,94.9,2356,6.07,-1.85,202,-2.75690288630634,68.05993374160273,-0.51,1.28
FF,93.3,2243,6.14,-1.91,197,-2.689975886524315,75.11921637122411,-0.37,1.22
FF,94.5,2272,6.07,-1.87,196,-2.396928606833288,74.55324850484206,-0.37,1.24
FF,94.2,2254,6.04,-1.89,202,-3.9461695902271097,66.1938371925176,-0.54,1.36
FF,94.1,2205,6.08,-1.96,199,-1.9591393063480604,73.77836607344706,-0.41,1.2
FF,95.0,2475,6.08,-2.78,204,-5.633775128812207,57.85034137543419,-0.65,1.47
FF,93.9,2203,6.22,-2.87,199,-4.9476129727580265,70.46673720056157,-0.46,1.34
FF,94.3,2202,5.92,-2.11,202,-3.463695771103428,70.85950300080073,-0.49,1.19
FF,95.0,2286,6.09,-2.03,189,-1.4068259039059223,81.19140492160463,-0.2,1.24
FF,93.3,2317,6.16,-1.94,204,-2.962580960626434,64.66006778675222,-0.6,1.34
FF,93.6,2211,5.94,-2.05,204,-3.5535970093241342,65.97527409054358,-0.59,1.3
FF,92.8,2332,6.17,-1.61,205,-3.8967309345375685,71.01543278634546,-0.53,1.11
FF,93.7,2231,6.06,-2.85,198,-3.406167002389437,75.6191805725806,-0.37,1.16
FF,94.1,2297,6.19,-2.67,200,-4.849695067244756,71.2426247870385,-0.46,1.26
FF,95.6,2332,6.11,-1.79,202,-2.9754104711323954,66.31512286326837,-0.53,1.3
FF,94.0,2300,6.2,-1.73,201,-1.22867541382257,67.50383761579293,-0.52,1.36
FF,93.4,2384,6.1,-1.89,198,-3.385207461602651,74.34557286067894,-0.39,1.23
FF,93.8,2302,6.2,-2.95,206,-4.477505258063778,55.63328528041196,-0.76,1.53
FF,94.1,2387,6.4,-2.71,208,-5.38023689061938,57.720335146692015,-0.74,1.39
FF,94.1,2333,6.35,-2.77,210,-5.356754105622149,59.68243161876635,-0.76,1.3
FF,92.1,2232,6.19,-1.7,207,-4.282782189731495,64.923756787933,-0.65,1.28
FF,92.5,2221,6.35,-1.68,206,-4.418974904590533,64.23311446450198,-0.65,1.34
FF,92.8,2192,6.31,-2.87,200,-4.993821792683946,73.09836747203602,-0.43,1.2
FF,92.9,2178,6.21,-3.02,200,-3.0313706143666033,70.93537642904738,-0.46,1.26
FF,93.9,2231,6.36,-2.82,204,-4.434079969728172,64.73776170317977,-0.58,1.31
FF,91.4,2186,6.25,-2.9,204,-2.461725503677755,70.9126051600217,-0.53,1.17
FF,94.3,2362,6.03,-1.78,203,-3.4091575458869245,65.29677349101416,-0.56,1.33
FF,94.6,2298,6.18,-1.88,204,-2.4244116156794866,65.20496149089817,-0.57,1.31
FF,93.2,2385,6.24,-1.77,202,-3.1574728739987026,66.33004505421137,-0.55,1.38
FF,93.4,2254,6.15,-1.73,196,-2.7395283344815944,74.83240925913833,-0.37,1.28
FF,96.2,2309,6.13,-2.71,215,-5.813475847754759,48.184819670134075,-0.95,1.36
FF,95.4,2202,6.26,-2.61,209,-3.854273040132089,64.49539702841818,-0.64,1.14
FF,95.2,2223,6.24,-2.73,204,-2.7377806971073295,69.29426431859798,-0.52,1.15
FF,94.2,2336,6.11,-3.02,201,-4.1457131426103,66.22548307845746,-0.54,1.37
FF,93.8,2157,6.19,-2.84,203,-3.9577884812259403,73.89597937098141,-0.44,1.03
FF,93.7,2309,6.21,-3.01,201,-4.216006935158278,65.62953714967296,-0.54,1.41
FF,93.1,2281,6.14,-1.91,203,-3.1257729271740886,70.90504763309632,-0.51,1.18
FF,92.9,2295,6.23,-1.76,205,-4.1544225165867354,65.62301120433477,-0.62,1.3
FF,93.3,2166,6.28,-1.8,200,-2.823286367677038,74.52636953861202,-0.41,1.14
FF,96.0,2390,6.19,-1.84,206,-1.6760643654356377,65.5824566893017,-0.59,1.18
FF,95.0,2461,6.23,-2.87,196,-3.9572432469735794,73.81534621841759,-0.37,1.26
FF,94.9,2416,6.28,-2.82,194,-5.444701030901347,73.27922286838368,-0.34,1.38
FF,94.8,2329,6.29,-1.62,197,-3.67243208795904,76.02248608114354,-0.35,1.13
FF,93.0,2332,6.21,-1.81,194,-2.7904972795888834,78.97864721304282,-0.29,1.17
FF,94.2,2294,6.08,-1.96,207,-3.644508836658665,68.44199101237159,-0.56,1.1
FF,93.2,2162,6.14,-1.97,202,-2.6723141047660097,72.67281755556931,-0.46,1.14
FF,93.9,2302,6.09,-1.9,201,-4.4742924515205,69.92363274560496,-0.49,1.24
FF,93.5,2070,6.1,-2.72,198,-4.339941109383148,79.10848261933636,-0.31,0.96
FF,94.8,2279,6.24,-2.58,207,-4.952608636847201,70.52673772049965,-0.52,1.04
FF,94.7,2283,6.14,-2.75,208,-4.274728397858238,69.16688703154823,-0.56,1.05
FF,93.1,2208,6.34,-2.86,203,-3.864777058339589,68.75277040791455,-0.53,1.27
FF,94.8,2299,5.99,-1.91,190,-2.5298180492774924,78.1183629901259,-0.24,1.37
FF,93.2,2200,6.01,-1.77,207,-3.138824570585189,66.30663194304536,-0.61,1.2
FF,94.3,2327,6.02,-1.63,204,-3.4697375287374115,65.42359205825453,-0.58,1.29
FF,94.9,2313,6.08,-2.77,197,-3.7340828059022964,70.32319449213992,-0.42,1.35
FF,94.0,2259,6.2,-2.55,194,-4.506592586917561,76.4746842943603,-0.32,1.26
FF,93.4,2203,6.15,-1.85,214,-2.696773854514854,61.84072839125797,-0.78,1.18
FF,94.0,2248,6.14,-2.88,200,-4.0350834043211705,68.0301932520726,-0.5,1.35
FF,94.0,2231,6.3,-2.71,200,-5.402452385118261,64.52400538077472,-0.54,1.48
FF,93.1,2392,6.3,-1.59,205,-2.485542614933713,66.89639205132406,-0.6,1.27
FF,93.2,2223,6.27,-1.52,197,-3.3543072107770024,72.27831901515133,-0.41,1.34
FF,93.4,2150,6.24,-1.53,193,-3.025414906070042,77.06080559506437,-0.31,1.28
FF,92.9,2350,6.19,-2.63,210,-3.7546756335758005,59.36073596285567,-0.76,1.35
FF,92.5,2374,6.19,-2.74,198,-2.8213603639764426,71.68929591933271,-0.45,1.34
FF,92.5,2389,6.13,-2.76,202,-4.849988177697534,68.33553764897562,-0.54,1.31
FF,93.0,2300,6.1,-2.83,203,-2.422669623596429,67.7973401622711,-0.56,1.31
FF,93.6,2362,6.02,-2.87,198,-5.415554918578233,70.45729451394746,-0.44,1.32
FF,93.7,2419,6.12,-2.92,206,-4.734152278531418,64.6401423693636,-0.62,1.28
FF,94.3,2519,6.03,-1.77,203,-2.529621365173628,64.14279523765984,-0.58,1.34
FF,93.7,2332,6.1,-1.61,205,-3.5367054168422833,66.06957883155663,-0.57,1.25
FF,94.1,2409,6.13,-1.94,202,-1.5278842744952894,65.55802190822615,-0.56,1.38
FF,95.4,2312,6.07,-1.95,211,-3.4905433595612956,56.84281991443827,-0.8,1.31
FF,93.2,2437,6.19,-2.87,207,-4.158588457072626,60.58510295493393,-0.72,1.38
FF,92.0,2244,6.28,-2.74,202,-3.8369830497826216,67.30776275571338,-0.56,1.36
FF,91.5,2265,6.24,-1.94,203,-1.4332937453432124,67.16435594273753,-0.57,1.37
FF,92.1,2319,6.19,-1.91,209,-1.8271129313202317,60.78631414844357,-0.74,1.34
FF,92.6,2320,6.24,-1.9,208,-1.8576986186611597,59.69176358193172,-0.74,1.4
FF,92.7,2340,6.16,-2.0,201,-2.224472550359213,64.9485987576011,-0.56,1.45
FF,92.3,2387,6.21,-1.71,209,-2.5356070587329023,61.6198042907688,-0.73,1.31
FF,94.8,2373,6.2,-2.72,179,-3.7553004365520564,91.34853834149754,0.02,1.64
FF,94.8,2452,6.34,-2.62,188,-4.790746841229824,61.79898642667745,-0.3,2.01
FF,95.2,2483,6.08,-1.84,204,-2.0704579005857107,66.83897615289449,-0.54,1.23
FF,94.2,2345,6.24,-1.7,185,-2.3203519144941467,80.74102646616676,-0.14,1.73
FF,94.0,2376,6.12,-1.91,189,-1.5052872828400976,79.57537837499297,-0.23,1.37
FF,94.0,2376,6.19,-2.75,189,-3.3515681831285264,76.08061872858084,-0.25,1.55
FF,93.7,2285,6.32,-2.64,198,-2.55456731369681,68.19275859310643,-0.46,1.43
FF,93.7,2474,6.3,-2.83,190,-3.355079967522433,74.09325616203421,-0.27,1.63
FF,93.4,2209,6.14,-2.91,215,-4.327228974965467,54.80073767218832,-0.94,1.34
FF,94.6,2339,6.02,-2.74,211,-4.889477402062728,61.07553035361121,-0.74,1.21
FF,93.4,2358,6.24,-2.66,192,-3.245567167994651,74.172050590476,-0.33,1.5
FF,95.7,2249,6.11,-2.78,203,-3.524784485377321,61.57016758027529,-0.6,1.4
FF,93.3,2319,6.15,-2.93,187,-2.8756507532171525,82.68248668579193,-0.17,1.3
FF,93.5,2301,6.21,-2.62,198,-5.160446234853613,73.18734237708594,-0.41,1.25
FF,92.8,2321,6.21,-1.65,196,-3.233387413616784,71.97510615927584,-0.41,1.39
FF,94.3,2265,6.24,-2.97,205,-2.4042702453944416,63.476298442263264,-0.63,1.33
FF,93.3,2357,6.3,-2.94,200,-3.7064178713366602,65.46453015783099,-0.54,1.45
FF,92.4,2447,6.27,-2.99,202,-3.889653946995515,71.20537279393243,-0.5,1.25
FF,93.4,2398,6.26,-2.9,198,-5.481040569750118,63.83469873602319,-0.53,1.6
FF,93.4,2512,6.18,-2.59,194,-4.09799435953604,75.06853508097565,-0.34,1.36
FF,94.5,2400,6.23,-2.77,201,-4.399927425295602,68.25523342720734,-0.5,1.32
FF,92.6,2426,6.32,-2.58,196,-4.69469648321612,75.47781310689587,-0.36,1.28
FF,92.6,2126,6.21,-2.72,203,-5.042686684047635,67.76952989134284,-0.56,1.31
FF,93.2,2170,6.19,-1.74,199,-3.9994611368323723,65.02230087388185,-0.52,1.5
FF,91.4,2165,6.28,-1.69,190,-2.3951097727176065,81.300233369959,-0.22,1.25
FF,91.9,2211,6.21,-1.79,203,-1.383929296743899,67.51575977965649,-0.56,1.34
FF,92.3,2318,6.14,-1.8,201,-3.2215366712109863,63.12162403381033,-0.59,1.52
FF,93.9,2185,6.23,-2.68,196,-4.418343945064553,75.19479328556197,-0.35,1.25
FF,93.5,2166,6.26,-2.67,195,-4.045945536851434,77.51171049354994,-0.32,1.15
FF,92.5,2238,6.29,-2.65,188,-2.7310538096641355,83.28829499180375,-0.17,1.23
FF,91.5,2319,6.36,-2.63,194,-3.9616286246625374,79.65417291002221,-0.29,1.15
FF,94.8,2338,6.14,-1.84,197,-3.4063281297840486,73.83442167947143,-0.38,1.22
FF,93.5,2299,6.2,-1.89,200,-3.9510793408785183,69.07669862729736,-0.48,1.34
FF,93.1,2212,6.33,-1.72,199,-2.585254383152012,72.61382411058095,-0.44,1.25
FF,94.1,2355,6.19,-1.83,199,-2.640963262276775,73.89911041725237,-0.41,1.14
FF,93.2,2422,6.27,-1.8,186,-2.076894819208148,84.35988001151989,-0.13,1.31
FF,94.5,2395,6.28,-1.85,204,-3.596355154274924,63.45735778639856,-0.61,1.36
FF,92.9,2331,6.32,-1.85,196,-3.8495596632386393,73.59805177821045,-0.4,1.35
FF,92.4,2327,6.28,-1.79,191,-2.907297092161695,80.19027180695444,-0.24,1.28
FF,94.4,2303,6.14,-2.88,199,-4.918575556331354,74.9423057299387,-0.39,1.14
FF,94.5,2289,6.15,-2.71,200,-4.320974517303753,73.22658433252094,-0.42,1.17
FF,93.9,2365,6.12,-2.83,199,-4.6223440234277104,71.4031593838073,-0.44,1.3
FF,94.0,2379,6.22,-2.76,204,-4.354651885894478,68.0739887505502,-0.55,1.22
FF,93.5,2272,6.15,-1.73,190,-2.516750568965974,81.97072470536637,-0.21,1.17
FF,93.2,2282,6.1,-1.86,199,-4.910652541091721,75.53452795516081,-0.39,1.13
FF,96.0,2329,5.98,-2.93,199,-3.0968325962675203,70.5747066648933,-0.42,1.26
FF,96.8,2219,6.01,-2.84,202,-4.166748613568614,69.00554518669213,-0.47,1.18
FF,95.2,2255,6.06,-2.72,190,-3.475875875400832,78.38010191880156,-0.24,1.35
FF,95.4,2262,6.05,-2.8,189,-3.8762508623977783,80.40527765426867,-0.2,1.3
FF,96.0,2325,6.07,-2.82,189,-5.041083471082182,82.82566858820121,-0.17,1.11
FF,95.7,2347,6.17,-2.84,200,-5.120079720672414,66.967464431396,-0.5,1.35
FF,94.8,2347,6.1,-1.9,185,-2.0290660793918582,84.74230564425076,-0.11,1.35
FF,94.8,2263,6.15,-1.95,193,-1.6231505418055572,78.00031494154106,-0.29,1.23
FF,94.6,2277,6.29,-3.02,211,-3.7082248286706334,69.67627326869291,-0.58,0.98
FF,95.3,2308,6.17,-3.01,220,-4.381716942531578,60.39020195911044,-0.85,1.02
FF,94.5,2297,6.24,-2.93,215,-4.083723798750993,63.74546790788939,-0.74,1.06
FF,94.2,2360,6.1,-1.98,217,-3.02341433272274,57.22423403737138,-0.92,1.2
FF,94.1,2385,6.18,-1.75,212,-3.3726345831349454,64.60977805581557,-0.69,1.12
FF,94.0,2407,6.11,-2.76,184,-3.959073847792251,84.68060500642001,-0.11,1.41
FF,95.3,2317,6.24,-2.57,198,-4.78650921912001,67.6415325617198,-0.46,1.41
FF,95.4,2346,6.26,-2.63,198,-4.563981738763389,67.23409656077992,-0.46,1.45
FF,94.6,2371,6.21,-2.67,189,-4.909674927285115,82.00781027829174,-0.19,1.22
FF,94.5,2451,6.19,-2.62,195,-4.835597939454353,74.87267885258022,-0.34,1.31
FF,93.0,2411,6.19,-2.66,196,-4.388161457102728,74.18804246159993,-0.38,1.31
FF,93.1,2256,6.31,-2.89,205,-4.192283629562607,63.39273757785125,-0.64,1.39
FF,93.8,2366,6.34,-2.8,204,-5.264108463313385,63.04336969402367,-0.63,1.42
FF,92.2,2321,6.21,-1.85,199,-3.466851665556045,67.66512608787465,-0.51,1.46
FF,94.8,2306,6.08,-1.94,202,-2.7299364740909207,66.8548227818668,-0.53,1.33
FF,93.5,2353,6.08,-1.97,198,-4.257327433651576,72.47638990034189,-0.42,1.33
FF,94.0,2375,6.12,-2.03,209,-3.618188494660743,51.06881157339482,-0.86,1.55
FF,93.5,2328,6.11,-2.03,208,-3.079281299305723,59.117211306694806,-0.74,1.4
FF,92.8,2333,6.17,-1.88,197,-3.4709166528237807,69.17481524980718,-0.44,1.49
FF,92.7,2336,6.27,-1.85,197,-2.557735429727447,69.45063288401991,-0.46,1.48
FF,95.6,2253,6.16,-2.66,195,-3.9536876934106973,73.07709711961121,-0.35,1.36
FF,95.3,2231,6.23,-2.6,201,-3.1314021561886745,61.9667181469537,-0.56,1.45
FF,95.0,2436,6.15,-2.69,197,-3.762006756005254,63.556067866348435,-0.48,1.56
FF,93.7,2431,6.18,-2.8,205,-4.533431705741753,56.77743369651849,-0.72,1.56
FF,95.0,2319,6.27,-2.67,203,-5.788699998734097,57.418548065812715,-0.67,1.55
FF,95.1,2482,6.0,-3.01,197,-4.132222838052691,66.89547284977803,-0.45,1.49
FF,96.2,2331,6.13,-2.62,197,-5.583780353717622,59.204338753582505,-0.5,1.68
FF,95.0,2413,6.14,-2.78,198,-2.9173281503873536,62.72865238790358,-0.51,1.55
FF,94.9,2388,6.29,-2.78,196,-3.927171579175096,71.79669817586252,-0.39,1.39
FF,95.8,2464,6.15,-2.96,196,-3.897965859590238,67.5683972238208,-0.42,1.48
FF,93.8,2445,6.16,-2.91,197,-4.138305468539366,71.43463697110614,-0.42,1.35
FF,91.9,2292,6.38,-2.71,201,-4.063509366521635,64.14240751510955,-0.6,1.54
FF,93.3,2272,6.05,-1.93,199,-3.483736275235904,70.35709319172402,-0.46,1.33
FF,93.6,2283,6.07,-2.04,207,-2.9311012034717603,57.59524873131762,-0.75,1.45
FF,94.2,2310,6.12,-2.14,203,-2.0708184619243872,59.064735448066315,-0.64,1.51
FF,92.9,2164,6.17,-2.03,196,-2.5097208982249604,73.8969045424205,-0.38,1.34
FF,93.3,2249,6.18,-2.07,197,-3.5890603159274646,69.9198642953906,-0.44,1.43
FF,94.0,2167,6.06,-2.03,201,-3.5822610263893955,68.35915227108374,-0.51,1.32
FF,93.3,2228,5.9,-2.11,201,-2.8628530899702933,68.92179443657122,-0.51,1.31
FF,94.6,2419,6.2,-1.87,203,-3.6578198836419715,59.609443793643216,-0.65,1.49
FF,94.2,2356,6.08,-1.9,200,-3.9008368296289837,63.2533197738572,-0.56,1.49
FF,93.8,2246,6.13,-1.91,204,-3.3381011182626725,64.75529053600337,-0.59,1.33
FF,93.3,2376,6.1,-1.88,207,-4.679456635827371,64.79169182924237,-0.66,1.27
FF,93.7,2262,6.13,-1.89,202,-3.148388436422986,64.33703292117961,-0.58,1.4
FF,94.1,2347,6.17,-3.05,208,-3.6908511486340307,57.13556049230423,-0.76,1.43
FF,94.1,2222,6.11,-3.02,199,-4.647331941634736,67.68813839367645,-0.48,1.4
FF,92.3,2278,6.25,-2.86,196,-4.729798988226851,69.2895938906366,-0.43,1.53
FF,95.0,2200,6.14,-1.84,194,-3.220403851332742,75.20847214157702,-0.32,1.29
FF,93.8,2275,6.22,-1.83,190,-2.841371946256444,79.40632896927113,-0.23,1.3
FF,93.0,2230,6.14,-1.78,186,-2.605451678776098,83.07949414871442,-0.15,1.46
FF,93.2,2151,6.15,-1.89,199,-2.820752969600147,73.27682895339996,-0.42,1.22
FF,92.9,2195,6.21,-1.72,200,-1.8924623893608443,73.16518533809462,-0.44,1.18
FF,92.4,2236,6.3,-2.07,199,-1.7163013804204836,72.07109954176885,-0.45,1.29
FF,92.8,2245,6.2,-1.98,196,-2.692995164545369,74.76707190922663,-0.37,1.27
FF,93.1,2135,6.04,-1.95,184,-2.4596549158910808,86.2487081527859,-0.09,1.21
FF,91.4,2157,6.33,-2.75,194,-4.385634726802871,78.43342364151177,-0.31,1.22
FF,93.6,2215,6.09,-1.91,200,-2.358959436266151,70.00747603934909,-0.48,1.28
FF,92.9,2146,6.25,-1.76,188,-1.3122000212798999,84.02243912289765,-0.16,1.08
FF,94.0,2247,6.23,-2.72,190,-3.1527293781221615,80.59773100507641,-0.22,1.27
FF,94.3,2269,6.18,-2.64,201,-4.919624406297656,63.04687670562109,-0.56,1.42
FF,94.2,2190,6.25,-2.65,205,-5.220764757613073,69.15007363276311,-0.54,1.16
FF,93.9,2229,6.22,-1.87,214,-3.1202065858671895,64.8688917983313,-0.71,1.07
FF,92.7,2136,6.19,-2.9,205,-4.514198420232487,68.61390286785702,-0.56,1.21
FF,95.5,2162,6.09,-2.75,198,-3.9903421221307016,68.50023283358331,-0.46,1.37
FF,93.4,2313,6.09,-2.82,184,-2.2213637768438876,85.52667214900826,-0.1,1.35
FF,93.9,2272,6.23,-2.57,196,-3.821753191772844,69.34694386416507,-0.41,1.49
FF,93.0,2323,6.23,-2.79,176,-2.764721550355037,93.21919780745428,0.08,1.12
FF,94.9,2235,6.28,-2.5,188,-4.526528607724699,78.47788471842307,-0.22,1.5
FF,95.5,2225,6.05,-1.76,199,-3.5549277166862043,69.72864407237236,-0.45,1.28
FF,95.4,2267,6.15,-1.92,206,-3.1427323721758214,60.89263310699785,-0.65,1.34
FF,93.4,2259,6.2,-1.68,200,-2.9215729230591205,73.43525111024326,-0.42,1.18
FF,94.8,2225,6.09,-1.91,206,-1.8456953837449523,66.58957737278669,-0.58,1.18
FF,94.9,2383,6.12,-1.9,206,-3.7444116439299946,61.46377071826852,-0.66,1.33
FF,94.2,2334,6.2,-2.86,192,-3.2925720406820584,77.95557294897051,-0.27,1.3
FF,95.1,2483,6.1,-2.79,197,-4.017491224089104,71.71027610592823,-0.39,1.29
FF,94.9,2492,6.16,-2.57,193,-3.457533979605045,73.39242626394677,-0.33,1.41
FF,94.8,2238,6.07,-2.86,191,-1.6261100883178465,78.6758159399448,-0.25,1.28
FF,95.5,2401,6.06,-2.76,201,-3.3845211237905035,66.90080145216136,-0.49,1.3
FF,94.6,2322,6.15,-2.62,197,-3.6708050706885307,75.76352981992112,-0.35,1.16
FF,95.5,2389,6.02,-1.77,197,-2.8949993056299763,70.93874601927169,-0.4,1.31
FF,94.5,2346,6.09,-1.76,187,-1.8171929971170016,82.24411394161402,-0.17,1.31
FF,93.7,2294,6.1,-1.75,194,-3.469985785639872,78.26600895270256,-0.29,1.17
FF,94.4,2461,6.05,-1.78,203,-3.2233209332269057,70.63522793549424,-0.49,1.15
FF,92.0,2239,6.02,-1.97,193,-2.5207679083706926,83.45545755226735,-0.21,0.9
FF,92.1,2247,6.22,-1.64,190,-2.612630992678617,81.43902426925541,-0.22,1.27
FF,91.8,2177,6.11,-1.76,194,-2.867615362748657,74.20861042524396,-0.36,1.42
FF,93.2,2246,6.18,-2.72,192,-3.0482055099952796,75.12147381668468,-0.31,1.45
FF,92.8,2244,6.12,-2.77,193,-3.001335075661633,74.49459832790586,-0.33,1.44
FF,92.2,2318,6.21,-2.8,190,-3.4023883927553946,79.93869650445406,-0.25,1.33
FF,93.2,2361,6.28,-2.69,196,-5.208119156560246,75.714353752067,-0.36,1.26
FF,94.2,2186,6.15,-2.74,196,-3.9448461820999086,74.56519923472571,-0.37,1.27
FF,94.0,2199,6.16,-2.71,202,-4.837857926990222,67.23850127382006,-0.53,1.31
FF,93.7,2289,6.2,-2.79,191,-3.070320341080972,81.92293091628994,-0.21,1.14
FF,93.8,2299,6.2,-2.8,197,-4.500939090481651,75.25268729858718,-0.37,1.2
FF,93.6,2232,6.27,-2.69,198,-3.316970697567599,76.9501157178658,-0.35,1.1
FF,92.4,2226,6.24,-2.67,196,-3.4224761772230488,74.99964794148865,-0.36,1.29
FF,92.9,2232,6.3,-2.75,186,-4.803569066810512,85.48648692267446,-0.12,1.16
FF,91.5,2151,6.3,-2.93,208,-4.313220628926797,63.92383188070982,-0.71,1.31
FF,91.3,2275,6.23,-1.74,201,-3.6801550326344015,69.74898139871314,-0.52,1.37
FF,93.9,2188,6.18,-2.85,206,-3.9928621094575933,64.73196873530328,-0.63,1.27
FF,93.5,2218,6.28,-2.67,205,-4.858045836095814,64.1833648964966,-0.61,1.33
FF,92.4,2201,6.18,-2.77,204,-4.482034560905286,69.67212302865583,-0.55,1.23
FF,92.4,2122,6.15,-2.68,205,-4.02864779697956,67.74800139914964,-0.58,1.22
FF,93.1,2221,6.21,-2.97,204,-4.0468969908782935,60.16229903272259,-0.65,1.46
FF,92.4,2072,6.09,-2.06,200,-1.582777614926093,73.26504583427995,-0.44,1.22
FF,92.1,2294,6.04,-1.93,212,-4.47292368042219,58.957319253178596,-0.83,1.32
FF,92.3,2303,5.99,-2.14,205,-3.996458662240066,65.05239184412297,-0.62,1.35
FF,93.7,2288,6.02,-1.95,213,-4.513510384934274,62.573555562301486,-0.75,1.17
FF,92.9,2246,6.12,-1.97,212,-4.547339443667821,54.90206316350125,-0.89,1.41
FF,91.3,2335,6.14,-1.82,209,-5.507092810249489,61.09572328093996,-0.77,1.37
FF,91.6,2084,6.04,-2.19,210,-2.4946809527387086,63.89701632238604,-0.73,1.25
FF,92.8,2323,6.25,-2.67,209,-4.908504891181487,60.36999700879851,-0.74,1.35
FF,92.7,2309,6.16,-2.62,204,-4.630991645289958,66.15723745804489,-0.6,1.33
FF,91.9,2463,6.06,-1.82,182,-3.1991461545771958,88.0451745673989,-0.05,1.23
FF,93.3,2375,6.11,-1.8,199,-2.9194892838252686,67.48450967105747,-0.49,1.42
FF,93.4,2259,6.06,-2.68,199,-4.8076128440668775,71.97657856380225,-0.43,1.28
FF,92.8,2351,6.19,-2.66,189,-4.003122729212448,78.75587325735084,-0.24,1.5
FF,91.1,2415,6.12,-1.79,183,-2.8889377159330816,86.24980777543384,-0.08,1.46
FF,92.0,2462,6.15,-2.85,190,-4.253885246402681,76.74673807338016,-0.27,1.54
FF,91.3,2241,6.01,-1.78,191,-3.155512199436321,81.73804321934078,-0.22,1.18
FF,92.2,2238,6.04,-2.75,196,-3.7232344289554042,78.05227646531247,-0.33,1.14
FF,90.8,2263,6.1,-2.75,190,-4.827468878236379,82.45747963193011,-0.21,1.21
FF,91.9,2276,6.08,-2.66,192,-4.746251773157229,77.58393197264706,-0.3,1.37
FF,90.5,2349,6.16,-2.81,199,-3.042694597555291,74.82609655840982,-0.42,1.23
FF,92.9,2404,5.98,-1.84,194,-1.6954801187515927,80.05768827247176,-0.27,1.09
FF,93.7,2332,6.01,-1.66,194,-3.331481111979837,77.13387191759179,-0.31,1.24
FF,93.1,2305,5.95,-1.53,202,-4.022108497140931,70.16896929237893,-0.49,1.22
FF,94.4,2250,6.09,-2.6,201,-3.5666710220770432,70.69789431949015,-0.47,1.23
FF,93.1,2338,6.01,-2.73,192,-4.241913700463529,78.69345450436533,-0.27,1.26
FF,95.1,2313,5.95,-1.94,207,-3.6903792365680257,61.131908901583145,-0.67,1.33
FF,93.2,2277,6.02,-1.73,193,-2.0950950555485948,77.58425967183233,-0.29,1.27
FF,94.3,2158,6.03,-1.84,210,-1.439106392227544,64.88176136198246,-0.65,1.15
