pitch_type,player_name,release_speed,release_spin_rate,release_pos_z,release_pos_x,plate_z,plate_x,vx0,vy0,vz0,ax,ay,az,SpinX,SpinY,SpinZ
FF,"Duffey, Tyler",90.0,2168,6.23,-2.39,3.02,0.61,7.258427941426954,-130.91551433994928,-4.341587672734831,-0.5481435441969852,27.58760274455408,-18.73421833179133,0.9973169582736926,0.053642887346654955,0.04981290371805191
FF,"Duffey, Tyler",90.7,2230,6.1,-2.5,2.78,-0.36,5.7784132303536255,-132.05610249436722,-5.554115004357941,-3.3748334746767243,25.714978186021728,-14.136747210705533,0.9880433321191531,0.049376992466063564,-0.1460557649320532
FF,"Duffey, Tyler",90.9,2269,6.16,-2.6,3.28,0.01,6.942605688683895,-132.36428056398796,-4.161636189783288,-3.300811579857777,22.87686893775837,-16.30402814479269,0.9909230764844319,0.05581965089276674,-0.12229318486669033
FF,"Duffey, Tyler",90.9,2138,6.16,-2.52,3.72,0.43,7.726117247929287,-132.33148691696326,-2.981592440462373,-3.234983376709146,23.300726274907333,-16.916863836787726,0.9924618657861707,0.06034777394034349,-0.10666579180167449
FF,"Duffey, Tyler",90.4,2208,6.08,-2.65,3.51,-0.52,5.671268165546331,-131.66003280960567,-3.000727694074359,-3.062859850065351,26.447126643149787,-18.131071228337294,0.9937557952144052,0.045131808694544175,-0.10204185083456944
FF,"Duffey, Tyler",91.0,2191,6.25,-2.66,3.24,0.43,8.13233479237769,-132.38839224284234,-4.636588770551859,-3.7254378162496673,24.571476861979814,-15.244825763889414,0.9885391826133296,0.0654876448482516,-0.13602078080352076
FF,"Duffey, Tyler",90.7,2267,6.26,-2.46,4.54,-0.5,5.419808449146288,-132.1758480462334,-1.3157345424042477,-3.8292041686118528,25.343715259886743,-16.30870258299855,0.9852320978377725,0.042051215415421644,-0.16598014541585276
FF,"Duffey, Tyler",90.5,2357,6.3,-2.24,3.58,0.14,6.35948683851554,-131.73042260102753,-3.758860388214159,-3.5646666320663947,26.8430938764706,-15.800126115591164,0.9894302945263558,0.05163283534841428,-0.13550550759055038
FF,"Duffey, Tyler",90.5,2267,6.12,-2.42,2.19,0.21,7.225343355778479,-131.65912218060367,-6.748679497258485,-4.914785691742495,24.156092206814527,-15.642993797836928,0.97611864069806,0.06420645708376722,-0.2075329616001323
FF,"Duffey, Tyler",92.4,2320,6.11,-2.42,1.68,1.4,9.53466951241547,-134.1617307626597,-8.318674585369294,-0.5721330655844534,24.852119535167898,-15.19096906764685,0.9952666776706626,0.06632807083497134,0.07102694796844569
FF,"Duffey, Tyler",92.6,2351,6.16,-2.42,2.28,0.03,6.4273043225532085,-134.7597833539075,-7.0540470830543125,-2.110816183641817,25.449128833783863,-14.828643065911155,0.9971911991202735,0.050457920450013516,-0.05535079638931333
FF,"Duffey, Tyler",92.2,2279,6.27,-2.39,1.1,0.38,7.054602244453503,-133.9585002449085,-10.304617867643694,-1.4149870932557844,25.45586574605803,-13.910277014384176,0.9985862710983805,0.05294836967280981,-0.004682875486632922
FF,"Duffey, Tyler",92.6,2281,6.2,-2.72,1.43,0.31,8.10911651679926,-134.4975204585742,-9.305202953969982,-3.661755018336319,25.669009960722956,-14.397816075499156,0.9892298523596266,0.06858857915292486,-0.12930547556207422
FF,"Duffey, Tyler",91.8,2356,6.19,-3.01,3.59,0.09,7.932306562753286,-133.616488511736,-3.625808453739289,-1.871778942048608,25.13961396479337,-15.945522055159469,0.9979469960180087,0.05986213885315243,-0.02276658671295126
FF,"Duffey, Tyler",89.9,2289,6.3,-2.56,2.13,-0.74,5.176891886004792,-130.86705191827636,-6.946558350673044,-4.719477511960269,23.63737565358841,-17.155881108937812,0.9783252238832536,0.04937565951689166,-0.20110146832147593
FF,"Duffey, Tyler",92.0,2235,6.03,-2.7,4.79,-1.07,4.252811445305511,-133.9355531678933,0.4588518965424588,-1.6698305742651138,30.54018578993775,-19.979473718710125,0.9988811768500729,0.031596600548306646,-0.03518592571475509
FF,"Duffey, Tyler",92.8,2359,5.95,-2.62,2.27,-0.32,6.838485071396341,-134.96118941098948,-6.304251780401906,-6.833197598255487,28.124338957045133,-16.097895759273303,0.9531491045376475,0.06212517252267655,-0.2960527781631318
FF,"Duffey, Tyler",91.6,2418,6.06,-2.71,2.74,0.47,8.933047590654953,-133.0478406086266,-6.082555983647801,-6.817095910679506,29.91614108939557,-11.130117176658322,0.9304000739637347,0.07883380274066502,-0.35796778334610346
FF,"Duffey, Tyler",91.6,2270,5.96,-2.8,3.71,-0.48,6.722585248213885,-133.28432213345857,-2.8819151725258614,-6.272090367362778,28.85156081013629,-14.930525808883246,0.9538242115691918,0.05449572579993156,-0.2953804145402133
FF,"Duffey, Tyler",92.2,2424,5.9,-2.69,2.11,0.07,8.176694414968685,-133.8683519417723,-7.377726892903492,-8.207709184320457,30.96268596502996,-10.659676336367156,0.887751128239937,0.0792147587233516,-0.45345667522831784
FF,"Duffey, Tyler",91.6,2271,5.95,-2.84,3.01,-0.94,5.358993281616062,-133.172032747017,-4.993253344840831,-4.155218477052737,29.9789435270613,-12.250977822686853,0.975453651121488,0.04731702262663898,-0.21506109337467014
FF,"Duffey, Tyler",93.1,2253,5.97,-2.28,2.31,1.29,9.867202514900134,-135.20261566876422,-6.352335654697248,-6.03097036820084,28.52269036015525,-15.788032396231449,0.9711984900920696,0.08140028181536899,-0.2239363457843829
FF,"Duffey, Tyler",93.4,2351,6.01,-2.35,2.5,0.3,7.821379002443342,-135.75420062217557,-6.230780340895676,-7.367431908236821,29.219115047742967,-14.526873178272092,0.9391449612969481,0.06954840152397884,-0.33640713654144316
FF,"Duffey, Tyler",93.0,2388,6.01,-2.39,2.66,0.59,7.932535695992003,-135.21766784543593,-5.879732760026627,-3.3522416304320286,29.76536842464885,-13.8768390653535,0.9924807750585508,0.0627924850881406,-0.10506671668817862
FF,"Duffey, Tyler",93.6,2239,6.0,-2.49,2.32,0.57,9.083440846601782,-135.85641684073593,-6.197749130022812,-8.86531269054667,30.800982777805203,-16.961116557822837,0.9348092459259059,0.07830508051284045,-0.3464101443337312
FF,"Duffey, Tyler",93.1,2246,5.99,-2.68,4.36,-0.29,7.215544687190471,-135.3638941672978,-0.8313992750883625,-7.82611994017716,29.765112899399277,-18.59121732258116,0.9476575215910727,0.05244910771927524,-0.31495128650525844
FF,"Duffey, Tyler",91.9,2283,5.95,-2.6,2.78,0.39,8.827250194880634,-133.54306683143898,-4.404458680850762,-8.727202661056058,28.149464058445464,-19.119861584104683,0.9435239948661404,0.0730255002214996,-0.3231559181405154
FF,"Duffey, Tyler",91.5,2189,6.09,-2.57,2.91,0.06,7.123093541678596,-133.16714738241166,-4.4732727532719245,-4.106887431811714,26.74563327295124,-18.86942281654754,0.9893246963922099,0.05741807019806022,-0.1339395771353349
FF,"Duffey, Tyler",91.7,2241,6.16,-2.46,2.2,0.7,7.999865082906272,-133.27808120272556,-6.9703384867270985,-1.6100312397334444,26.89631779886784,-15.53954760211351,0.9982041965147733,0.059902547553047365,0.0002585671108083752
FF,"Duffey, Tyler",91.4,2094,6.1,-2.51,2.01,0.95,8.738037745929612,-132.77933251128874,-7.232978194927417,-1.901734812807843,27.744550934067224,-15.257828325444256,0.9978152868877904,0.06591096830067963,-0.004516360338092434
FF,"Duffey, Tyler",92.0,2141,6.11,-2.64,3.05,0.84,9.129341093367476,-133.7453319825266,-4.650213724095304,-3.66490984737949,27.34085014295164,-16.3396970088672,0.9921007772075172,0.07130827985773189,-0.10320454005503502
FF,"Duffey, Tyler",91.2,2229,6.11,-2.39,1.78,1.19,9.19058854500646,-132.397266232016,-7.805570685059291,-3.0850180641925653,27.11398978853206,-15.25062487390106,0.9947825236157951,0.07324143346486675,-0.07101706226394815
FF,"Duffey, Tyler",92.3,2222,6.22,-2.42,2.9,1.26,9.816874231585103,-133.9792430400668,-5.58555980734034,-4.653674589681201,28.98914262408575,-14.58943322654514,0.9843595611931986,0.0786966142729122,-0.15761693179831332
FF,"Duffey, Tyler",89.9,2207,6.15,-2.9,3.63,-1.04,5.03485780756471,-130.948411169955,-3.1362940049107064,-3.50789357977301,26.90263194032944,-16.219771640963884,0.9885623667508966,0.041482132194153414,-0.1449954473509174
FF,"Duffey, Tyler",92.6,2407,6.11,-2.81,3.0,0.19,8.338259008839366,-134.57379397640307,-4.785061004561399,-5.665973467750108,27.485659104384226,-16.67434428025474,0.9734481325023715,0.06808625476559996,-0.2185474667884283
FF,"Duffey, Tyler",92.3,2292,6.07,-2.78,2.79,-0.9,5.507362327538046,-134.27343407780614,-5.627749440533385,-5.329934065441236,29.279584216702435,-13.820753178067818,0.9631213105190329,0.05057968253943076,-0.26427076444115205
FF,"Duffey, Tyler",92.9,2386,6.11,-2.93,2.24,0.41,9.439758063235695,-134.90141357271818,-7.077397026243812,-7.034462836463632,28.86627961908621,-14.346080686007664,0.9502486689217836,0.08225576122404703,-0.30043544557497054
FF,"Duffey, Tyler",90.8,2149,6.06,-2.44,2.25,-0.09,6.052318719216977,-132.0980437790831,-6.039337345507368,-2.1049551199414718,26.579024927390115,-17.944094745973008,0.9977864208706966,0.04782780655082576,-0.04620345492040601
FF,"Duffey, Tyler",91.7,2195,6.09,-2.6,3.11,-0.71,5.364532658654717,-133.59196118413885,-4.493203475829926,-4.206933902197429,24.050247865990016,-16.25716892260793,0.981413568158724,0.04567871326705851,-0.1863890109105879
FF,"Duffey, Tyler",91.0,2271,6.21,-2.27,3.08,0.28,7.005445046381205,-132.47315226276515,-4.695380445630439,-4.6402929791984855,25.50513838496504,-16.523942523043036,0.9809489179301011,0.05844114486291439,-0.18526697762654798
FF,"Duffey, Tyler",92.3,2131,6.14,-2.34,2.39,0.5,7.632448953357875,-134.25788870818351,-6.299835801781064,-3.5782804776045616,25.94127341026721,-16.98015465243338,0.9914897261779205,0.06174334197898505,-0.11461187811434753
FF,"Duffey, Tyler",92.0,2201,6.23,-2.21,2.25,0.03,6.273519718343455,-133.736911178012,-7.099378504492725,-4.610253743097439,27.216984438980816,-15.1381930546044,0.9788294210147546,0.056361498619571654,-0.19676469711123587
FF,"Duffey, Tyler",90.9,2198,6.13,-2.42,2.44,-0.13,6.226817788707515,-132.23970856890207,-6.0621160613046285,-4.012314659067362,26.492576498099023,-16.374317227786538,0.9864515567948167,0.05355782280993171,-0.15506413419273568
FF,"Duffey, Tyler",90.7,2102,6.17,-2.43,3.42,0.89,8.383998285688566,-131.911198127294,-2.735576492264957,-2.031881142253612,26.320088610394,-22.224759928704025,0.9978420616811252,0.06374702036086882,-0.015733319264298377
FF,"Duffey, Tyler",91.5,2214,6.05,-2.86,2.72,-0.92,6.198072585637378,-133.18876201944303,-5.341929276084943,-8.434989480452375,25.670549894706244,-16.01369040271478,0.9188178418841338,0.058413659902692504,-0.390335263295741
FF,"Duffey, Tyler",91.5,2198,6.33,-2.57,3.16,1.23,10.05614368089387,-132.92357602933856,-5.098258443446554,-4.68268916739537,25.380039633251062,-15.02390586112009,0.9821914229477698,0.08081186607661485,-0.16961559771745802
FF,"Duffey, Tyler",90.9,2128,6.3,-2.56,2.9,-0.1,7.099068891680999,-132.2168871854972,-5.441141681150979,-6.682068128939322,25.75790549206121,-15.874948173940574,0.9524492373318975,0.06340424756563662,-0.29802743446958396
FF,"Duffey, Tyler",93.8,2384,6.02,-2.46,2.88,0.51,8.811603274671969,-136.204597788473,-5.170262589250561,-8.257626023597668,30.72547413744245,-15.373326122688043,0.9325222326281899,0.0737472452117116,-0.3535019511655061
FF,"Duffey, Tyler",92.2,2260,6.14,-2.51,2.33,-0.09,7.411741463434276,-133.91960222549008,-7.118320221316055,-8.79586655668676,32.04594090520416,-12.156250445666046,0.8896405893026733,0.07319629799755517,-0.45075705632263274
FF,"Duffey, Tyler",91.8,2274,6.12,-2.6,1.99,0.67,8.844406926972983,-133.28961718555564,-7.618394867890761,-4.964000473407866,28.639037429851,-13.978105311687214,0.978460802788358,0.07589816558915224,-0.19197376348596046
FF,"Duffey, Tyler",92.4,2076,6.19,-2.73,3.15,-0.21,7.268624597623682,-134.3534778874275,-4.661504033959507,-6.257473585840855,27.94952036708097,-16.247180130248292,0.9622409509172072,0.061259852161368415,-0.2652161060175569
FF,"Duffey, Tyler",92.6,2187,6.06,-2.77,2.33,0.33,8.434333362595032,-134.58670035871594,-6.472913578586404,-4.650988096851833,27.5451646117965,-15.71741986640822,0.98319182032361,0.06973033073109577,-0.16873507467292786
FF,"Duffey, Tyler",92.3,2260,6.15,-2.6,2.18,-0.05,7.337481159147752,-134.17165305721008,-7.033140912742177,-6.223652002544148,28.126084340795902,-15.80628556295516,0.9630240590803586,0.06635263131867072,-0.26111681284336846
FF,"Duffey, Tyler",92.2,2253,6.16,-2.74,1.61,-0.99,5.757616978919295,-133.84706361515936,-8.13930134337897,-8.571514969386985,31.67643065850258,-16.939397890900626,0.9323411550681102,0.061770552777716266,-0.3562644654969077
FF,"Duffey, Tyler",91.4,2251,6.23,-2.78,3.58,-0.5,6.514079861648635,-132.97611349341767,-3.5944234594875017,-5.830145074120029,29.152586934796464,-16.150954157612137,0.966432394531962,0.05413130749294762,-0.25115379421446576
FF,"Duffey, Tyler",92.8,2271,6.04,-2.6,2.63,0.45,8.371395298331816,-134.8411756347193,-5.912433290646013,-4.868165196032593,30.4175914955465,-14.292579984787292,0.9799570669648076,0.06903259830978775,-0.18686531854876504
FF,"Duffey, Tyler",92.0,2349,6.01,-2.71,2.32,-0.51,6.880770110816826,-133.77373392105406,-5.863566092215815,-8.57521492799313,27.58346046529416,-18.25853390278577,0.9367096856608798,0.06327367698103642,-0.3443419907452405
FF,"Duffey, Tyler",93.0,2303,6.2,-2.58,2.75,0.67,9.456255230367914,-135.0515476252859,-5.923428056155736,-8.255028703056562,27.884798263823267,-15.13062082677538,0.930048894275052,0.08084265782807866,-0.3584320283304008
FF,"Duffey, Tyler",93.0,2332,6.11,-2.68,1.94,1.11,10.54377645241108,-134.77344781053583,-8.379864734516467,-7.231482505956756,32.26913151077035,-10.591840425849131,0.9325506358035326,0.09462038468302188,-0.3484197102129329
FF,"Duffey, Tyler",92.3,2204,6.04,-2.94,1.97,-0.9,6.531029153150688,-134.08937406933592,-7.349517476873824,-8.850184913366874,28.2837168104665,-15.044914441939689,0.9097889699615922,0.06676670560298648,-0.40966600683867965
FF,"Duffey, Tyler",92.8,2318,6.09,-2.8,1.97,-1.01,5.749655277115921,-134.96033809273337,-7.905472026784924,-7.821361520303821,28.78657652495711,-12.879980428818364,0.9091776446464434,0.06284554899716967,-0.41163873414243957
FF,"Duffey, Tyler",93.0,2275,6.12,-2.72,2.99,-0.26,6.99735089203667,-135.20068400508814,-5.318269087440589,-5.54910699625438,30.651947643124096,-13.839746520825082,0.9652813586229995,0.05995914039475496,-0.2542376844176693
FF,"Duffey, Tyler",92.0,2309,6.08,-2.75,2.08,-0.06,8.339848575292342,-133.57806848510756,-7.1991577442968335,-10.419746167537877,28.357425882372304,-14.584985810083896,0.8782484170286453,0.08024011476308462,-0.4714246938477935
FF,"Duffey, Tyler",94.1,2428,6.05,-2.8,3.47,-0.9,6.301115104114773,-136.94003247958398,-3.918313818313408,-9.287465511229223,30.715866080550832,-14.896526841826336,0.8934360811560659,0.05387036303919053,-0.4459483746741514
FF,"Duffey, Tyler",92.5,2299,6.09,-2.68,2.65,0.03,7.968981897045738,-134.35315821905195,-5.962588442669983,-7.679229425669369,30.582382685254323,-14.021070998874473,0.9319871678492049,0.07105485968474541,-0.3554590354451537
FF,"Duffey, Tyler",92.7,2265,6.14,-2.59,2.12,0.6,9.47990581214025,-134.56640430804077,-7.530558535299408,-9.304618118623244,26.547541732035,-13.94855666759812,0.8974814509919018,0.08741792832541294,-0.43230215235731073
FF,"Duffey, Tyler",92.5,2186,6.2,-2.59,3.38,-0.8,5.714025003543253,-134.7820881603502,-4.059262897695731,-7.621589519349994,24.82400081397006,-16.884246595652492,0.9358938496125071,0.05017837318452517,-0.3486901678023579
FF,"Duffey, Tyler",92.5,2256,6.01,-2.59,1.85,0.36,8.106586681163698,-134.34544390860222,-7.963775263056925,-4.797325874574035,28.573026284947623,-12.993785783079217,0.9763314960805779,0.07102287468156313,-0.2042854890417511
FF,"Duffey, Tyler",93.1,2272,6.17,-2.49,1.32,-0.11,7.204345144512438,-135.19881366343068,-9.6595034924916,-7.743748602478169,29.606107832425547,-13.51708832076848,0.9275873698804283,0.07556955992208025,-0.36588374226179066
FF,"Duffey, Tyler",92.9,2177,6.25,-2.63,3.13,0.8,8.906574558199422,-135.037178448756,-4.72394197798148,-2.528785029794244,25.941642369222784,-17.457912225110817,0.9967455274917709,0.06729442381777515,-0.04438258609167729
FF,"Duffey, Tyler",93.8,2266,6.22,-2.83,2.35,0.58,9.948111224656683,-136.0927817544729,-7.137300731879877,-8.640722776957661,32.48039180332042,-14.314944003423026,0.9277549694755843,0.08685135390757663,-0.3629429141583819
FF,"Duffey, Tyler",92.1,2287,6.07,-2.91,4.31,-0.66,6.695093420888147,-134.01891245287015,-1.3858708936319857,-6.940197521934062,28.17706151138537,-16.8491615174222,0.9504323430447454,0.05065246230096484,-0.3067779153676558
FF,"Duffey, Tyler",92.4,2324,6.05,-2.8,1.53,-0.4,7.092046125098191,-134.24060782054482,-8.067145262511511,-6.968068875997891,26.994090400933366,-17.478733475579634,0.958213727929025,0.0673305475587013,-0.27801627465636924
FF,"Duffey, Tyler",92.2,2243,6.08,-3.04,4.36,-2.01,3.349064917502908,-134.3375516893387,-1.1378704812417268,-4.886218688890448,28.33489344647316,-17.72417047574067,0.9736486490755697,0.02619215891089633,-0.22654420973599057
FF,"Duffey, Tyler",91.0,2289,6.04,-2.89,2.72,-0.37,6.606606118071447,-132.41417484095956,-5.073123912799247,-2.940889579225526,26.963929815566757,-16.906514108329326,0.9946672040948795,0.05301681161167725,-0.08846677785817257
FF,"Duffey, Tyler",91.9,2360,6.12,-2.73,3.09,-0.7,6.1298062273770455,-133.67274543327926,-4.730709441028334,-6.865373033456424,30.860196961370423,-15.10959516961719,0.946391256852607,0.05466544369003484,-0.3183634373151451
FF,"Duffey, Tyler",92.1,2383,6.1,-2.77,1.9,-0.99,5.406806379358613,-133.76992388603838,-7.804352995128555,-6.243806461307212,30.733250434493712,-13.833458781179589,0.9508993519091328,0.056190777571671506,-0.3043567299316415
FF,"Duffey, Tyler",91.7,2304,6.2,-2.6,4.66,0.9,9.17575048870393,-133.23587123575535,-0.946720310795262,-4.088140780705712,29.35718816574444,-16.058897794037865,0.9896610820725382,0.06904969044048856,-0.12571031334415492
FF,"Duffey, Tyler",91.0,2097,6.27,-2.69,3.25,0.22,7.4937722008932015,-132.32775820845376,-4.416571658451068,-2.782708600845086,29.270401635384093,-16.291022108553207,0.9961704283505691,0.05857984339279023,-0.06490669940706977
FF,"Duffey, Tyler",91.4,2340,6.15,-3.12,3.78,-1.63,4.51089906462262,-133.0908914181898,-3.1616617416386217,-5.290118099990198,26.22885605808025,-15.042324878060802,0.9619937884563408,0.03902561444982006,-0.27026829704615896
FF,"Duffey, Tyler",91.8,2295,6.11,-3.06,3.24,-0.81,6.588186985230953,-133.59280626581835,-4.186035672180184,-6.507347436505412,28.720717021132824,-16.022746038216514,0.9560939123774083,0.056162820032405886,-0.2876285249429691
FF,"Duffey, Tyler",91.1,2399,6.18,-2.87,2.04,-0.79,6.388128390124362,-132.4526450505964,-7.35402667567301,-7.914145111368271,26.867998824691654,-15.1628798677151,0.9273356552467309,0.06518533429849212,-0.3685097755833764
FF,"Duffey, Tyler",91.5,2377,6.3,-2.7,2.83,0.19,7.961667161363099,-133.08809195819006,-5.89140351218535,-5.4209985631216,26.49291678621053,-14.671230121931565,0.969641896849304,0.06839891550185555,-0.23476835441058466
FF,"Duffey, Tyler",91.4,2269,6.33,-2.71,3.35,0.66,9.288364455336982,-132.8021254412105,-4.605204657885377,-6.364862619891213,27.08393996411529,-14.964468548405051,0.9598672849444264,0.07649111494678429,-0.2698219869239961
FF,"Duffey, Tyler",91.5,2294,6.25,-2.7,2.12,0.16,7.839680725660994,-132.90912201987314,-7.430435999261277,-5.071206114316911,27.14271895960418,-14.8702253147848,0.9759667419958213,0.06912160103285571,-0.2066666949189364
FF,"Duffey, Tyler",90.5,2265,6.32,-2.69,2.1,-1.23,4.6411929451333,-131.6755007110492,-7.426323848642933,-6.523443009119719,27.342443899183547,-15.266372088445632,0.948170641285081,0.05110837216827519,-0.31362456743588724
FF,"Duffey, Tyler",91.8,2224,6.18,-2.78,3.39,-0.37,6.746203062694464,-133.61539149100946,-4.045839959398718,-5.02039411644953,27.313143601129543,-15.851708594112058,0.9754702145469089,0.055699831456800714,-0.21296804762097976
FF,"Duffey, Tyler",91.1,2210,6.07,-2.82,2.36,-0.55,6.205750728144315,-132.45617034626582,-6.098130361822324,-4.055559031330497,26.76360829902251,-16.420859354663925,0.9862293568141692,0.05341222192648664,-0.15652089415405776
FF,"Duffey, Tyler",91.8,2189,6.1,-2.87,4.08,-1.36,4.779710745398295,-133.70321770988448,-1.9547355612047903,-6.464745525052827,28.69496022062018,-17.154329417073676,0.9545886631031141,0.038444528660348073,-0.2954361225224378
FF,"Duffey, Tyler",92.7,2314,5.99,-2.55,2.02,0.62,8.779186680289833,-134.76588391518328,-6.721992249850468,-5.385846570116378,27.19576375920627,-18.04062968835013,0.9804587450742424,0.07298318131610382,-0.18268580802137444
FF,"Duffey, Tyler",93.5,2413,6.14,-2.55,2.83,1.09,10.178773715682604,-135.77329850920867,-6.030446704360849,-6.760161641673739,29.37591976401744,-12.640339697862476,0.9470973787868306,0.0847518541930858,-0.30955399901462793
FF,"Duffey, Tyler",92.9,2371,6.22,-2.46,2.96,0.86,9.29156114144271,-134.91103674661628,-5.429972102767688,-6.408647695248892,30.136478606659185,-14.890671754807556,0.9628059335198264,0.07673724422115415,-0.25906780913181554
FF,"Duffey, Tyler",91.4,2284,6.03,-1.9,2.73,-0.7,3.5521304577151938,-133.07431355249068,-5.412531927581227,-3.780227563973268,27.40533805628718,-14.979606774496393,0.981966753947325,0.03377713430383215,-0.18601182580786246
FF,"Duffey, Tyler",94.2,2355,6.14,-2.43,2.88,0.46,8.627890149035984,-136.77370471191793,-6.138112613546342,-8.234849819536992,30.79017783103212,-11.797992470959194,0.899809545487347,0.07604109546723795,-0.42960509034460503
FF,"Duffey, Tyler",94.4,2282,6.01,-2.43,3.24,0.26,7.997122503883695,-137.23113171330482,-4.973426188107027,-7.449682078546776,31.38715322460268,-11.707933348023378,0.9140329160752039,0.06775946636227352,-0.39994059940116045
FF,"Duffey, Tyler",94.1,2390,6.02,-2.33,3.32,0.77,9.279867841719982,-136.76076856541528,-4.431143773214243,-8.87848630316989,30.33042077900349,-13.662484976465752,0.9039634567856947,0.0749784184553417,-0.42098492320033626
FF,"Duffey, Tyler",92.6,2387,6.05,-2.35,2.74,0.96,9.115172583576218,-134.52449855149968,-5.5419947009873285,-5.24622988137768,27.17179062694599,-15.274537617229187,0.9763811124207391,0.07451280589389665,-0.20279981525104615
FF,"Duffey, Tyler",92.7,2370,6.0,-2.32,3.7,0.56,8.09050256700013,-134.8213130251001,-2.7882741556425765,-5.649904327509559,27.44118621768064,-16.783347312085585,0.9724663604276351,0.06299700050239966,-0.22436701131032954
FF,"Duffey, Tyler",91.4,2169,6.09,-2.82,3.35,-0.35,6.984942820858326,-132.97903029515408,-3.376178077126757,-5.724735320534544,25.38795351793702,-18.99336084885536,0.9743293957089699,0.05670965227080414,-0.21786749183097057
FF,"Duffey, Tyler",92.8,2236,6.02,-1.89,3.56,0.11,5.407884799087896,-135.12814939188445,-2.930329220318473,-2.677508261173102,29.082986182182697,-18.24850862340196,0.9959391346764648,0.04158942770596188,-0.07984710090532386
FF,"Duffey, Tyler",92.4,2256,6.16,-1.66,4.68,0.05,4.59435125230074,-134.55563752304136,-0.3302304443617456,-2.4582105502005764,30.14684657832337,-19.091935655817863,0.996648730038201,0.03421254776031124,-0.074302156691376
FF,"Duffey, Tyler",91.8,2149,6.13,-2.72,2.16,-0.07,7.485466580915054,-133.4192868564651,-7.343072204869469,-5.827608372078046,27.149030840876996,-13.53644180992324,0.959069548198164,0.06892473790124361,-0.27465429584154405
FF,"Duffey, Tyler",91.9,2212,6.06,-2.61,3.72,0.08,7.506169315544182,-133.75660286263994,-2.762427849661593,-5.441692366322299,25.551590463885034,-17.168345658009162,0.9735899134258067,0.059189898340130644,-0.22049770159803325
FF,"Duffey, Tyler",92.6,2264,6.2,-2.46,3.39,0.87,9.309692967730829,-134.6285388007948,-4.4037159182404935,-6.5663111312425215,26.960275993614736,-14.594248379718527,0.9540861107565195,0.07545772358493666,-0.28987208422488325
FF,"Duffey, Tyler",94.5,2056,6.01,-2.63,1.3,0.41,8.749811331623382,-137.22914901730604,-8.783190175303233,-6.578760270630574,26.50494514237807,-18.28769952038967,0.9684791022512182,0.07691475405170609,-0.23692266483356939
FF,"Duffey, Tyler",93.2,2173,5.95,-1.8,3.79,-0.47,4.425516891353186,-135.79589329921313,-2.242954019586021,-6.544630128372412,25.9551035867056,-18.441579321383124,0.9566797429460985,0.03594971681696922,-0.2889143251854548
FF,"Duffey, Tyler",94.0,2297,6.1,-1.49,2.71,-0.27,4.236534189785759,-136.78503097384797,-5.926667210775834,-6.956552315392164,27.90506091446624,-15.194221762200703,0.9365213763142324,0.04407697846509928,-0.3478288827511064
FF,"Duffey, Tyler",92.4,2295,6.15,-1.51,3.04,-0.2,3.8247575526182103,-134.51908572034,-5.231048754000254,-3.5095868523549343,29.58390168426692,-13.808358720852492,0.9838629589344018,0.03479895058404881,-0.17550701146989162
FF,"Duffey, Tyler",95.0,2230,5.95,-2.02,3.05,-0.42,5.222738010411847,-138.1758912873653,-5.064238205418977,-6.940133035435824,33.51321513439427,-13.298437098143186,0.9303855917727084,0.048483942881985105,-0.3633620204484276
FF,"Duffey, Tyler",94.0,2054,6.0,-2.02,3.88,-0.68,4.1532436694566455,-136.86618982700526,-2.291219268895042,-4.819977804247467,32.521493975968575,-17.538306477185305,0.9777256681994451,0.03313892137393463,-0.20725426324715443
FF,"Duffey, Tyler",95.1,2231,5.88,-2.1,2.83,-0.28,6.035727364148984,-138.28510097709724,-5.069849760233284,-8.576741430863047,34.423065885496285,-15.354491772448696,0.9187220042891298,0.054439335126453804,-0.3911345518181104
FF,"Duffey, Tyler",93.6,2216,6.02,-2.64,3.05,0.37,8.965505398584982,-135.86238623892987,-5.091379779979866,-8.669740736673596,33.64061079301666,-13.14534633806236,0.9101066701853545,0.07532732261521138,-0.40746980667498567
FF,"Duffey, Tyler",93.7,2187,6.2,-2.61,4.1,-0.43,7.06452669702595,-136.24008050605238,-2.7503897249467792,-9.625073371695482,33.08221460463944,-14.271900476021171,0.8824321605429783,0.05518877845104025,-0.4671912678684536
FF,"Duffey, Tyler",93.3,2233,6.09,-1.83,2.81,0.3,6.463052357597835,-135.60566565360205,-5.705954817844921,-6.968917386086622,33.246102311933534,-13.837883501748909,0.9412258657688665,0.058854874964131346,-0.3326108436305172
FF,"Duffey, Tyler",93.5,2292,6.14,-2.7,3.78,0.22,8.326188527753832,-135.90876298364932,-3.204145057089666,-6.450535227390751,33.13873456490717,-15.18042014772559,0.9616767774342558,0.06519400908514703,-0.2663222050882547
FF,"Duffey, Tyler",94.4,2313,6.18,-2.45,3.43,0.41,8.729455221646516,-137.20119027945043,-4.532870370076132,-9.368410107345396,31.476325013803777,-13.83673084960228,0.8938764490406845,0.07149495773118801,-0.4425758295133525
FF,"Duffey, Tyler",94.7,2393,6.07,-2.01,2.9,0.33,7.284528243424096,-137.59642250271267,-5.530703860170501,-8.384013843752914,31.383431786663028,-14.27926457032697,0.9159031622526544,0.06441425969483812,-0.39619717379551517
FF,"Duffey, Tyler",92.6,2353,6.18,-2.02,2.98,-1.52,2.674996876943695,-134.73488343665815,-5.238465238544058,-8.348672796464282,30.455892538931103,-15.017566220083989,0.9016923658180562,0.03465868454644515,-0.4309868362385874
FF,"Duffey, Tyler",93.2,2407,6.09,-2.05,2.89,0.0,6.482392161942556,-135.4235646098519,-5.574641615191558,-8.191596717859374,31.05210982036687,-13.43001062781552,0.9082404105396072,0.06051935354063199,-0.41404922957284856
FF,"Duffey, Tyler",92.8,2302,6.21,-1.84,3.29,0.62,7.036223526762205,-134.98948604342078,-4.651340027966595,-5.796346278895378,30.408591950906928,-14.63098883185549,0.964076135429807,0.0591744166886533,-0.2589509480660113
FF,"Duffey, Tyler",91.6,2154,6.06,-1.7,2.81,0.16,5.387034547706163,-133.3855211266695,-4.912357209930553,-4.813813199178986,25.778053712911696,-17.46260442939367,0.9785673055995658,0.04690593248245795,-0.20051399429854533
FF,"Duffey, Tyler",92.3,2173,6.04,-1.79,2.89,-0.75,3.0729569726449304,-134.3895404484525,-4.895037212904972,-2.829384242378016,26.38293148753245,-16.768428259000597,0.9918417653225587,0.02721562665426314,-0.1245360278298866
FF,"Duffey, Tyler",93.3,2172,6.02,-1.69,1.84,-0.46,4.02229439451438,-135.69151130876187,-7.851454217296421,-5.465786197946837,27.01541218585046,-15.158962010568793,0.962285948816751,0.04405809187340087,-0.2684485746848369
FF,"Duffey, Tyler",91.0,2194,5.97,-2.06,3.99,-1.6,1.8879735291284945,-132.7083896775621,-1.6351779404845943,-4.495028121415444,25.61361077642259,-18.19793440337544,0.9758683739196752,0.0165659567979444,-0.2177303053291799
FF,"Duffey, Tyler",92.1,2259,6.11,-1.76,3.91,-1.39,2.033518591526438,-134.312922426489,-2.5129190501411385,-6.532595148444053,25.9075138057453,-16.816103682012756,0.9422060847613448,0.020521671891103297,-0.33440477691189047
FF,"Duffey, Tyler",91.7,2200,6.17,-2.49,3.36,0.53,8.484049306997958,-133.3309925826346,-4.346530358656877,-6.416633149547537,27.10552738376655,-14.410804902651678,0.9536666489193047,0.07022042093608319,-0.2925560035661257
FF,"Duffey, Tyler",93.0,2226,6.0,-2.05,3.03,-0.85,3.901671548500068,-135.45679425012133,-4.386360021797956,-5.475325198296834,26.2292247858355,-17.53742607655388,0.9679717840705974,0.03592738924633865,-0.24847504491422676
FF,"Duffey, Tyler",92.5,2237,5.98,-1.89,2.73,0.07,5.703787360098653,-134.65886675785134,-5.101305867228755,-4.881083566387133,25.89894640128626,-17.014685725976094,0.9774148129168587,0.04918664225918204,-0.20552605118079098
FF,"Duffey, Tyler",92.8,2082,6.02,-1.97,3.4,0.52,6.557509095162668,-134.96830305890387,-3.5846355685534053,-2.434514535421743,28.77661468095761,-16.668182618812853,0.9969881782993815,0.05001344143728134,-0.059272489460795795
FF,"Duffey, Tyler",92.4,2207,6.07,-1.9,2.76,-0.74,3.532262004980727,-134.4593179616612,-5.667567099812375,-3.93071672094212,27.63638116180469,-14.353149368558784,0.9787605556124139,0.03423203241116934,-0.20212853023331273
FF,"Duffey, Tyler",91.8,2123,5.92,-1.97,3.48,-0.82,3.395606719544498,-133.74209304944122,-3.1784520053200933,-3.375092443068312,28.250025900977796,-16.057319611634547,0.9872032504256455,0.028791851831354034,-0.15684633121996078
FF,"Duffey, Tyler",92.7,2232,6.02,-1.73,3.64,-0.65,2.934384756386731,-135.09497675702443,-3.2194668279783145,-1.544684105085273,27.93245592001444,-15.545424371286966,0.998064968548841,0.023055061807477822,-0.05774757727086261
FF,"Duffey, Tyler",93.3,2174,5.97,-1.91,2.0,-1.07,3.010710330732645,-135.68166905316787,-7.449797568265513,-5.35489875815209,29.03014713980528,-14.121044615311384,0.9572336377333798,0.036995454898107856,-0.28694093313538005
FF,"Duffey, Tyler",92.7,2260,6.11,-1.66,3.43,-0.56,3.1629661307537624,-135.10239369015318,-4.159558181492196,-2.520569388243225,26.68273233940053,-14.435837699238112,0.9920056453615888,0.027019626972634516,-0.12326694337492777
FF,"Duffey, Tyler",93.4,2212,6.05,-1.89,3.04,-1.3,2.230605158384279,-135.9648120824846,-5.049677193087042,-4.441902932335743,28.83435547078482,-14.302994707108365,0.9679494938804627,0.02516043414287074,-0.24988143158365786
FF,"Duffey, Tyler",92.3,2182,6.05,-2.38,1.79,-0.09,6.911471992687582,-134.2224469385564,-7.86958233015439,-7.495008193567704,26.48022854285892,-15.059981016004455,0.9359401174813029,0.06844769912147877,-0.3454432065825882
FF,"Duffey, Tyler",92.9,2226,6.01,-1.89,2.43,-0.89,3.5343640660401454,-135.11407340763122,-6.554548726865824,-6.198765022346584,29.20143914635545,-13.186004822796694,0.9363894277038305,0.04140117658236397,-0.3485122411940344
FF,"Duffey, Tyler",91.5,2222,5.88,-2.08,3.78,-1.2,2.948493963595044,-133.39692997027183,-2.153014369084324,-4.67352030569308,25.47205174312302,-17.23352035283787,0.9736126373358912,0.025180667365371105,-0.22681350579470605
FF,"Duffey, Tyler",92.8,2293,6.01,-2.35,2.64,0.63,8.454687885691117,-134.88670058210204,-5.580368160662596,-6.3495744966377705,28.276374171505005,-15.86600203435068,0.9633054596668212,0.0710876047445093,-0.2588226107351959
FF,"Duffey, Tyler",93.0,2300,6.0,-2.37,1.56,0.7,8.671064981488932,-134.95205539867112,-8.444237153553805,-6.426463251200881,28.17627464678132,-14.555669883854785,0.9592658510475263,0.0786143562995767,-0.27134629166006397
FF,"Duffey, Tyler",93.6,2380,5.84,-1.97,3.04,-0.56,3.987565393577736,-136.2688260132131,-4.33048151709984,-2.657956069885405,29.789491471629447,-15.594603854755768,0.9936950957875706,0.032488068207732104,-0.10730602048282607
FF,"Duffey, Tyler",92.2,2264,5.99,-1.95,4.01,-0.72,3.1431622052273505,-134.35834152385604,-1.5859723562863963,-0.690452962724208,28.368100274625466,-18.86684105143909,0.999725115995649,0.023403922685485624,-0.0013960123274347216
FF,"Duffey, Tyler",93.0,2416,5.97,-1.85,2.76,0.49,6.948521286440195,-135.22332617038344,-5.347807061358697,-6.975697635528495,29.03793460255584,-14.910855991464397,0.944571943618982,0.061292815263529976,-0.32253222183981756
FF,"Duffey, Tyler",92.1,2209,5.8,-2.69,3.2,-0.03,8.210948545409408,-133.89083036081547,-3.8841075392907527,-9.762802916191472,28.416451835046573,-14.244207958062267,0.8807321071777736,0.0676101294506815,-0.4687641472871625
FF,"Duffey, Tyler",93.7,2307,6.07,-2.33,2.75,0.9,9.110266231591233,-136.09767167168562,-6.146386362311656,-6.292438608437554,28.778935959109496,-12.420207371097328,0.9500666677457676,0.07725055112856404,-0.3023337215541566
FF,"Duffey, Tyler",93.4,2323,6.31,-2.33,1.74,0.78,8.968665460653215,-135.5467475276928,-9.41563080484188,-7.340238808850358,28.4816540771315,-11.197035258000597,0.9203897964562121,0.08737285169186115,-0.3811149529558299
FF,"Duffey, Tyler",94.0,2357,5.96,-2.44,1.63,0.62,9.26978604196342,-136.4253554264494,-8.429961181822518,-9.51811145552696,29.55671868698869,-13.982810626053288,0.8997991583316219,0.08755090322324564,-0.427429893679067
FF,"Duffey, Tyler",93.5,2244,6.01,-2.33,2.68,0.37,7.942838123709746,-135.80775447603358,-5.940341836532786,-7.069068581527621,29.767590129251253,-13.648654010986432,0.9396855948670245,0.06960636384641403,-0.3348819745992413
FF,"Duffey, Tyler",93.6,2261,6.12,-2.39,3.71,-0.66,5.5394532086991735,-136.22028739026356,-3.515677687747176,-7.362060335774011,28.89056799882885,-14.458796334423074,0.9252066507228283,0.04734087848834016,-0.3764989969205745
FF,"Duffey, Tyler",95.1,2362,6.09,-2.26,2.64,0.73,8.9952866651214,-138.13948200097155,-6.281176287125493,-8.409330414427357,28.073491476596708,-14.79730047506986,0.9226675842169677,0.07725918691573656,-0.37777711295464156
FF,"Duffey, Tyler",94.0,2358,6.09,-2.42,3.21,0.58,8.543533001589665,-136.6003052986958,-4.455880258762054,-6.256330071638239,28.54866148827582,-16.11951167079415,0.9650217925577798,0.06861023605976554,-0.2530327555799703
FF,"Duffey, Tyler",94.1,2290,6.07,-2.36,2.61,-0.3,6.329243469670881,-136.84834748420894,-6.175288003183782,-6.714926136506844,29.46824297751779,-14.741419217966005,0.9471731110623846,0.05804048042044111,-0.31542732968620246
FF,"Duffey, Tyler",94.4,2274,6.04,-2.33,2.12,1.2,10.4187694485212,-136.9403652320397,-7.238705554692111,-9.166726862933103,29.30034464568314,-15.377340463624249,0.9215333662542085,0.0900782573456277,-0.37770645008228504
FF,"Duffey, Tyler",93.3,2377,6.12,-2.33,2.91,0.87,9.11264959246079,-135.6351349376426,-5.33315174479934,-6.8246720704877575,28.002425043551188,-15.410302483551936,0.955258263114938,0.07542430377046087,-0.28599444951147784
FF,"Duffey, Tyler",93.5,2411,6.2,-2.36,1.55,1.62,11.576840430899171,-135.54163340114167,-9.034239521366889,-9.664832440845435,26.723129194727136,-14.88159350170201,0.9092784155583816,0.10451423687157041,-0.402851755973326
FF,"Duffey, Tyler",92.9,2204,6.18,-2.27,5.23,-1.13,3.6311551627633434,-135.3746521035511,0.2299261264877222,-4.713542549393321,29.204605883808387,-15.064490449580765,0.9670934358981804,0.025510410776847535,-0.25313929996080886
FF,"Duffey, Tyler",93.2,2453,6.01,-2.28,2.03,-0.11,6.250800138006104,-135.4388507637546,-7.347401496022864,-4.980542990617872,29.762718681757345,-14.669184325081142,0.9747645415143593,0.05670064191309078,-0.2159146262135666
FF,"Duffey, Tyler",92.2,2322,6.06,-2.37,2.09,-0.81,5.12517125417016,-134.05004870715482,-7.185801074922162,-7.366516637675808,27.55227657566071,-14.808985236630653,0.9309887724312254,0.05494037050441066,-0.3608898187755346
FF,"Duffey, Tyler",92.4,2417,6.09,-2.3,2.67,-0.07,6.883690078079387,-134.34208989061352,-5.992474617160807,-8.242267541421173,28.21178534896564,-13.81536146250173,0.9096934084690155,0.06490906484513735,-0.41017644482460774
FF,"Duffey, Tyler",93.7,2357,6.03,-2.62,2.32,0.42,9.241679174771589,-136.0538280072037,-6.858310359437119,-9.778663341729814,28.731537663790025,-13.941420860473489,0.8882609132718382,0.08310916406512533,-0.45175813971845147
FF,"Duffey, Tyler",92.7,2425,5.97,-2.53,1.97,0.95,9.441624102743312,-134.6492217964247,-7.109288863835868,-4.957182320231719,27.624773734600293,-15.939012502528906,0.9822720958184555,0.07788015252002602,-0.17051748186000248
FF,"Duffey, Tyler",93.5,2137,6.21,-2.47,2.33,0.63,8.215332683829649,-135.9208033536309,-6.927893311880108,-2.968959119429193,28.98722120316255,-15.851272899584,0.9955152038313372,0.0637343059288629,-0.06991006500080883
FF,"Duffey, Tyler",94.1,2333,6.15,-2.48,2.38,0.61,8.954860741008039,-136.63655806639093,-6.8310206274338885,-7.161512654408287,30.657503188021327,-15.158555228782438,0.9526658491900255,0.07713743238236212,-0.29407073351917246
FF,"Duffey, Tyler",91.7,2148,6.1,-2.75,3.59,0.58,8.77162203407028,-133.3084204634062,-2.831453258051721,-3.5683240110651573,25.9176822561363,-19.02033391454513,0.9932387251075203,0.0673627329498342,-0.09454679876292545
FF,"Duffey, Tyler",91.1,2222,6.12,-2.57,2.85,0.92,8.861948003488118,-132.45318615478314,-4.581862680616312,-2.3344794329072007,25.070915492146277,-19.16576313853106,0.9971594563763463,0.06784761137015673,-0.03270657717636634
FF,"Duffey, Tyler",91.4,2342,6.1,-2.62,3.49,1.59,10.526941284099465,-132.78760683866068,-2.669701005255505,-1.7452135490617768,25.848900420043517,-21.06526430666228,0.9967963081262246,0.07874030901408574,0.01403865528800334
FF,"Duffey, Tyler",90.7,2210,5.92,-2.83,2.42,-0.52,6.596319676994643,-132.00924086497372,-4.893460326611797,-5.589701521266108,23.290408421735933,-20.622026912387376,0.9778797985402994,0.056330489933145,-0.2014397565295274
FF,"Duffey, Tyler",91.7,2169,5.91,-2.9,4.46,-0.59,6.62872573584508,-133.53812975711816,-0.2805962273905439,-5.838053977931168,25.962250752413805,-18.829073865550303,0.9710323409392614,0.0486928200196276,-0.23393418332632415
FF,"Duffey, Tyler",93.1,2235,6.08,-2.55,3.73,0.77,8.345521040068952,-135.46694318491103,-1.929162620081496,-0.5000592825561481,27.561950435512745,-22.765013936012974,0.9968247394549749,0.060675654315826374,0.051564559378197636
FF,"Duffey, Tyler",91.7,2341,5.79,-2.96,3.74,-1.19,6.180677455243185,-133.5299642225089,-1.2525058134025857,-10.193916840720163,26.995224712285584,-21.6419587426428,0.9247405648257434,0.04634672704699913,-0.3777656266229051
FF,"Duffey, Tyler",90.6,2131,6.13,-2.6,3.22,0.51,8.229756222211005,-131.75929536271843,-3.822144790872007,-3.937256547986689,25.3559775256502,-18.28819265603205,0.990308845305458,0.06540921452307853,-0.12251540950119098
FF,"Duffey, Tyler",91.8,2306,6.1,-2.56,3.91,1.61,10.79365188779401,-133.4516986958476,-1.5671027476915964,-3.6844844429388983,25.36223947307557,-21.900791117042907,0.9940068897661095,0.08125461574285828,-0.07312995636526827
FF,"Duffey, Tyler",91.7,2191,6.15,-2.6,3.23,0.47,8.554945357961609,-133.2174973086181,-4.052932240621144,-6.224455344039498,28.182737442516512,-17.476679419934513,0.9698700364653864,0.06938785693069023,-0.23353251952821524
FF,"Duffey, Tyler",91.4,2238,6.1,-2.03,3.75,-1.13,3.42796360252504,-133.09273315688003,-2.5095685679278725,-7.208164337972854,29.03698215199934,-18.327188499174017,0.9456766537933895,0.03046025658688364,-0.32367860485178634
FF,"Duffey, Tyler",91.0,2230,5.83,-2.35,2.47,-0.93,5.184305838667626,-132.34836943998351,-5.121514399991617,-9.910703351563775,29.246672072891744,-16.963853941289678,0.8987613282547379,0.052052324237099525,-0.43533737534847056
FF,"Duffey, Tyler",90.7,2274,6.09,-2.05,2.81,-1.39,3.388135588258842,-131.98581089759227,-4.857188715178877,-10.20878763068367,27.961206879553764,-17.087615596750815,0.8851029271892974,0.03978523543843837,-0.4636916468107287
FF,"Duffey, Tyler",91.1,2309,6.09,-2.03,3.46,-0.51,5.089037399034149,-132.5704443834588,-3.5821212378517675,-8.217774126103011,29.03435728868754,-15.771099063930803,0.9180172478875331,0.045883071714567174,-0.39387698118960357
FF,"Duffey, Tyler",92.8,2298,5.91,-1.98,2.58,-0.32,5.652915569458326,-135.0414107292442,-5.839301734205253,-9.325622719348646,29.35645401009596,-13.608272789606962,0.876905247867576,0.05734362397499572,-0.477230442293573
FF,"Duffey, Tyler",91.0,2296,6.08,-1.97,3.18,-0.23,5.369114841531551,-132.4515108381484,-4.621035134860746,-6.835955071599408,27.45493527193089,-13.614033799855122,0.929603336975461,0.050420493529452555,-0.36509643892584587
FF,"Duffey, Tyler",92.9,2314,5.98,-2.12,3.88,-0.51,5.352660760205216,-135.2191788881617,-2.755996584002425,-8.097518135145032,29.73521397481053,-14.025144073129136,0.9030859151175764,0.044454821569484264,-0.427152898568504
FF,"Duffey, Tyler",91.1,2308,5.98,-2.42,2.16,-1.37,3.41863023506014,-132.5206313954988,-6.767435395490137,-5.045325153287813,29.32278985590009,-13.93373198740952,0.9627640345512499,0.03850129018014595,-0.26758748929847975
FF,"Duffey, Tyler",92.1,2444,5.94,-1.79,3.01,-0.54,4.152890668656221,-134.05931745864402,-5.055486335971394,-6.386638098306215,30.58251218671904,-12.09918465754962,0.9242581011882933,0.04293712162425874,-0.37934597134335557
FF,"Duffey, Tyler",92.6,2465,5.88,-1.76,3.55,0.29,6.474466611335959,-134.75234961612335,-3.1599344096993347,-8.255825875730933,29.42537104833133,-14.964038588395038,0.9149953269204856,0.053341085826474066,-0.39992284290413627
FF,"Duffey, Tyler",93.0,2478,5.91,-1.8,4.01,-0.12,5.471449458865087,-135.36793760372743,-2.4947527418426154,-7.588677691560205,28.75481363300478,-12.898183241869884,0.9011336211487113,0.044370967469664784,-0.43126490012661245
FF,"Duffey, Tyler",92.8,2394,5.98,-2.65,1.44,0.32,8.621576161657858,-134.6858275009747,-8.977126172106882,-7.591620905070809,27.67185986202647,-12.831685036163735,0.9263000140396507,0.08377980664452957,-0.3673543629640842
FF,"Duffey, Tyler",93.1,2412,6.01,-2.78,2.54,0.65,9.258981719123415,-135.30415188479694,-6.318131029730629,-4.271729797880363,27.71843452834306,-13.397220394309162,0.9844195677183939,0.07479559324454432,-0.15913432666878394
FF,"Duffey, Tyler",93.1,2387,6.03,-2.84,2.53,0.04,8.041530568419434,-135.32881789576666,-6.579615712180749,-5.119180943795513,28.199580970262517,-12.300174334803334,0.9673787670980706,0.06933049621510445,-0.24366288856201354
FF,"Duffey, Tyler",93.0,2378,5.99,-2.77,4.17,-0.02,8.279619406803354,-135.2492910534018,-2.184666265772841,-8.649387879754062,29.3667860427878,-13.389917666092009,0.8947796842217591,0.061918854353752245,-0.4421938174370237
FF,"Duffey, Tyler",91.4,2217,6.0,-1.88,3.28,0.31,6.449124313394906,-132.96660158235613,-3.5904165267228167,-6.47300335381067,28.584291885938047,-17.10217618696395,0.9604099015183107,0.05396179575454469,-0.27331473737164913
FF,"Duffey, Tyler",91.1,2278,5.95,-1.92,3.08,-0.51,4.350525881370329,-132.5221623261212,-4.385389711321558,-5.527798983791217,30.47938011129453,-14.292897052295006,0.9581105683183118,0.04083409565236437,-0.2834726009846719
FF,"Duffey, Tyler",91.7,2444,6.04,-2.05,3.66,-0.28,5.29282266971308,-133.41771937248265,-3.076508492490164,-5.706418397377671,30.11889975809692,-15.523331990341628,0.962468350332588,0.04435612514629635,-0.26774467085279724
FF,"Duffey, Tyler",92.5,2324,5.97,-1.83,3.23,-0.1,5.283908700274728,-134.59342586859182,-4.388947838423981,-5.928775400389037,27.77708278728426,-13.634160919749268,0.9477760236088678,0.0474923058180294,-0.3153808649240621
FF,"Duffey, Tyler",90.1,2100,5.98,-1.84,2.46,-0.99,2.571075991287455,-131.15458439386984,-5.293523863026544,-3.062197248243754,26.028994243026663,-17.76216501404384,0.990618794555534,0.024843088710809706,-0.1343771737187816
FF,"Duffey, Tyler",92.2,2292,6.07,-1.99,3.58,-1.0,3.701687142453805,-134.20791371252753,-3.5805155405785327,-7.32622561751927,32.11283774726774,-14.400175812346228,0.920688530175431,0.0357630953183344,-0.3886561866440009
FF,"Duffey, Tyler",91.9,2387,6.02,-2.02,3.07,-0.48,4.590193368117423,-133.79287176521305,-4.332722226895247,-4.731416311758125,26.710180938582667,-16.64945623935421,0.9762918431414213,0.04038150763933335,-0.21265834302067912
FF,"Duffey, Tyler",92.3,2276,5.99,-1.99,2.24,0.64,7.387680978983473,-134.11830761796728,-6.980676608068934,-5.49572917828941,28.075009276527883,-12.71454790424552,0.9611585365322044,0.0668809075693424,-0.26777081964615235
FF,"Duffey, Tyler",91.9,2225,6.1,-1.96,3.4,-1.32,2.449558147177706,-133.7960714551258,-4.138144220579028,-4.997930297137275,27.703839723769896,-14.128659913530496,0.9575788834477302,0.02640677039444142,-0.2869588201333661
FF,"Duffey, Tyler",91.3,2279,5.97,-1.98,3.07,-0.31,5.389128251368178,-132.84244014752937,-4.396327881229731,-7.753962460155243,29.326086698186412,-14.986495109954518,0.9236471956873709,0.050044941314010875,-0.37996231622061266
FF,"Duffey, Tyler",91.6,2271,6.17,-1.87,2.66,-0.18,5.061285577135478,-133.15643960746053,-6.03133246162937,-5.459751431581935,30.083038306866985,-14.150826538120883,0.9622624121968616,0.04870249513027174,-0.267729559520728
FF,"Duffey, Tyler",93.2,2311,6.11,-2.65,2.1,0.4,8.289465856257493,-135.45690197685076,-7.421799017785249,-4.338214617709401,28.3987716576814,-14.625808017162743,0.9849838307478911,0.06894973537279467,-0.1582807226330209
FF,"Duffey, Tyler",92.7,2195,5.98,-1.89,2.26,-0.83,3.653080285692885,-134.89533710334214,-6.723169836594406,-6.02792262710248,29.039106087684107,-14.435570299650635,0.9488153774896819,0.041300555965190444,-0.3131192161399213
FF,"Duffey, Tyler",91.4,2326,6.02,-2.43,3.86,1.4,9.464618986837236,-132.7113677525416,-2.2096531280799017,-0.9707377454117756,29.69142346728852,-17.24075440291662,0.9954735031846135,0.06992276078796685,0.06436856360943857
FF,"Duffey, Tyler",91.7,2246,6.06,-2.48,2.61,0.93,9.098599044689475,-133.2637550722693,-5.027633125918185,-4.451057599238967,28.046479175107645,-19.316987442046383,0.9897504101730829,0.07222324021519375,-0.12319873836623697
FF,"Duffey, Tyler",91.8,2300,5.87,-1.72,3.61,-0.12,4.55999618448142,-133.65635031475554,-2.7866115267813623,-3.790147689029404,29.71264599722677,-15.560855647287712,0.9849157733152762,0.03712627465323561,-0.16900461297001293
FF,"Duffey, Tyler",91.7,2190,5.94,-2.24,4.44,-1.83,1.8348563327811125,-133.57532115027445,-0.2739869180256876,-4.770544130544248,30.04103576942877,-19.389826494170315,0.9757165282755786,0.013851307433791945,-0.21859871393086147
FF,"Duffey, Tyler",92.5,2257,5.94,-2.05,3.23,-0.88,3.801415205859407,-134.5889174083632,-3.7338325331071456,-5.419691075496148,30.37544885378356,-16.867224124641623,0.9678221646794387,0.03425180047547943,-0.24929314414839637
FF,"Duffey, Tyler",91.8,2342,6.0,-2.5,2.48,0.13,7.590185278508918,-133.40813020856194,-5.640773569210334,-6.594828475873142,27.35952287601639,-17.01139786752876,0.9615343065607618,0.06598020123141475,-0.2666428141769004
FF,"Duffey, Tyler",93.1,2267,6.0,-2.53,3.14,-0.22,6.917724758994132,-135.42325627551924,-4.587943153395572,-7.042405681019478,29.834976534128792,-14.399095896670511,0.9397914534737933,0.05940832538866633,-0.3365452047676945
FF,"Duffey, Tyler",91.7,2256,6.03,-2.55,2.24,-0.14,6.723346344497827,-133.38360107009603,-6.738420482908951,-4.854071411615358,27.574225493082785,-14.434303450018684,0.9751189977614633,0.059934053698197286,-0.21342644965416233
FF,"Duffey, Tyler",91.8,2233,6.17,-2.56,3.46,-1.27,3.989582858230916,-133.6966145838164,-4.136065259959002,-4.857272103324516,27.55122149834189,-14.186130280353222,0.96518141615679,0.036813356916325486,-0.25897801192017184
FF,"Duffey, Tyler",91.6,2166,6.3,-2.6,3.34,-0.96,4.61793165572765,-133.1583647496039,-4.771064509776167,-3.673092384409172,31.357870043518204,-13.680667921350494,0.9842884055832494,0.04029461587760405,-0.1719089252065205
FF,"Duffey, Tyler",91.4,2329,5.87,-2.16,2.62,-0.61,4.396572190834867,-133.0993066490068,-5.125350416318761,-3.4957528395782598,27.996320739721316,-15.904105883863718,0.9880044072701657,0.03839586713966009,-0.14957623006788906
FF,"Duffey, Tyler",92.2,2310,5.98,-2.07,2.59,-0.21,5.978651519277865,-134.01545575724802,-5.494388959871444,-8.38790448988649,29.90109007025096,-15.947687713719986,0.9235189072391147,0.05675159102676433,-0.3793311019252208
FF,"Duffey, Tyler",92.1,2363,6.0,-2.11,3.07,0.19,6.212230537939976,-133.96984792145162,-4.566038357708457,-3.2119494073821917,28.126722370352496,-15.05416036223764,0.9917352491241159,0.05001403432339852,-0.11815156374515615
FF,"Duffey, Tyler",90.7,2264,6.12,-2.06,3.16,-0.16,5.288401826737729,-132.01317353611145,-4.116413167786967,-4.078617642554399,26.673789278090613,-17.14904393089764,0.985293539839538,0.04461374794249235,-0.1649431836875857
FF,"Duffey, Tyler",90.9,2304,6.09,-1.98,2.79,-0.18,5.223769540686901,-132.1932417778099,-5.21821724003087,-5.201739347999778,29.229260759333464,-15.27045841710317,0.9698545754344496,0.04775762868919298,-0.23895880693301236
FF,"Duffey, Tyler",90.8,2189,5.96,-2.36,3.05,-1.39,3.3780420516220806,-132.2105762228855,-4.036323868656606,-5.910642991199741,25.75552580811116,-17.18107713708992,0.9593011294548257,0.03307234053870889,-0.28044172891705615
FF,"Duffey, Tyler",91.5,2275,6.0,-2.1,5.25,-0.33,4.795611943701278,-133.2286028189278,1.278912010074765,-2.8269708876272137,29.43266886250465,-17.660592127522495,0.9942640509778008,0.034818137943655854,-0.10112711903020744
FF,"Duffey, Tyler",92.5,2373,6.18,-2.61,2.76,2.05,12.594852649184311,-134.11752921288036,-5.807698164217146,-6.410552082345741,25.58466750589933,-15.33025664587215,0.9665735946008023,0.1009751807489089,-0.2356681970339004
FF,"Duffey, Tyler",93.6,2222,6.22,-2.74,3.35,-0.76,5.4325668239982585,-136.25740262151464,-4.332821467947514,-3.195628079578261,29.89236251485545,-16.29498735684966,0.9923883576542669,0.043233107185870416,-0.1153093492971051
FF,"Duffey, Tyler",93.7,2249,6.24,-2.64,2.63,0.2,8.720546565787018,-136.14043202866236,-6.127001281917717,-9.902837690371122,30.169514429527,-16.49565717771458,0.9104535894274454,0.07661204653960407,-0.40645400210072263
FF,"Duffey, Tyler",92.0,2471,6.04,-2.14,2.02,0.4,7.609711367810331,-133.7325118068695,-7.542870453697055,-8.101019037225536,25.54169246919708,-13.48886309314376,0.9109784016764878,0.07471555971591444,-0.40563029573158027
FF,"Duffey, Tyler",93.4,2388,6.17,-2.8,2.63,-0.34,7.181541095689868,-135.76102819393387,-6.6366281700996685,-6.160717896572908,29.297868595665538,-12.633231014459913,0.9482123231343078,0.06535426920009373,-0.3108411326603361
FF,"Duffey, Tyler",93.2,2321,6.11,-2.58,3.07,0.19,7.650747572736772,-135.59517393406037,-4.933747034102624,-4.583538197066147,25.43772582533691,-15.290049617594768,0.9797686081215727,0.062203298857589524,-0.19022151337519555
FF,"Duffey, Tyler",92.4,2252,6.12,-1.8,2.47,0.68,7.530450194106558,-134.3621911994084,-5.914806746147967,-8.282567635428874,28.168196878015653,-17.6273652268762,0.9401437689281916,0.06739641090011508,-0.33404702893945637
FF,"Duffey, Tyler",92.9,2346,6.1,-1.85,3.0,-0.75,4.225228717589153,-135.1933516552236,-4.846806732983859,-8.861280804664284,28.38415330171572,-16.348846487321016,0.9079227646528542,0.04332150568017086,-0.41689267272371316
FF,"Duffey, Tyler",93.3,2415,6.09,-1.69,2.88,0.44,6.758826590705594,-135.7545888908357,-5.448694609090511,-8.456373299512912,26.24209167420922,-14.99117214662841,0.911669713753891,0.061695420898793804,-0.4062659326894379
FF,"Duffey, Tyler",93.7,2293,6.08,-1.81,1.0,-0.08,5.825676719590108,-136.11961219735392,-10.114826045261962,-8.839419274717008,27.87739837002896,-14.95845154859181,0.9100714054817227,0.06931290500759653,-0.4086144369989019
FF,"Duffey, Tyler",92.4,2329,6.2,-2.69,2.5,1.37,10.831224463097769,-134.03968345624185,-6.414223853932241,-5.211266471678363,31.206549131905284,-15.070283007929564,0.9833203926500288,0.08709904261831188,-0.15967079311372695
FF,"Duffey, Tyler",92.7,2287,6.32,-2.52,2.73,0.89,8.671283119767795,-134.5175994979927,-7.244764325013626,-1.8002234123724217,32.50254373845148,-8.973033178915156,0.9976467684617942,0.06283248090078276,0.027440931500073568
FF,"Duffey, Tyler",92.1,2249,6.44,-2.6,2.88,0.88,9.797359481945596,-133.644275400949,-6.256579672679092,-7.4551139855541395,29.249748427490648,-14.062307107418556,0.9422074652538861,0.08425293867160383,-0.32426306410851946
FF,"Duffey, Tyler",93.1,2257,6.22,-1.73,2.58,0.23,6.115805750029589,-135.33856869356595,-6.419890712102402,-7.485725096907702,31.47414047827438,-14.730486112137228,0.9350925962604041,0.05883397532222169,-0.34948590782284944
FF,"Duffey, Tyler",91.0,2217,6.3,-2.76,2.37,-0.21,7.752849076563286,-132.16215183980646,-6.381807554591743,-9.390491847216872,30.02190502436041,-17.28715421522779,0.9237371584021506,0.07235047924683453,-0.3761317194014266
FF,"Duffey, Tyler",90.9,2194,6.3,-2.73,2.79,0.9,9.804860382655711,-131.89783893740827,-5.221097168376749,-6.193934570503003,29.17935343863576,-18.218417970948316,0.9759111120645804,0.08057164470573415,-0.2027454350122019
FF,"Duffey, Tyler",92.4,2082,6.21,-1.77,3.06,-0.54,3.66644639488857,-134.47269433075903,-4.846697513859651,-3.844651854760456,29.94531646790588,-16.665805122307145,0.9852156162222522,0.03292189494733072,-0.16812595987795803
FF,"Duffey, Tyler",91.6,2314,6.06,-1.85,3.87,-0.9,4.10735882515876,-133.4512653296153,-2.830476848480122,-10.350683224073654,27.416488916426463,-14.535583820842366,0.8459284253118611,0.037319348778395836,-0.5319890651659598
FF,"Duffey, Tyler",92.5,2297,5.96,-1.95,3.07,-0.71,4.397715044770415,-134.5644525617298,-4.744070751477225,-7.818059921937268,30.94805258115926,-13.457552018027668,0.9048731648515314,0.044497433840511184,-0.42334918673972044
FF,"Duffey, Tyler",91.7,2207,6.02,-1.89,2.41,-0.7,4.419654723684779,-133.23601390014468,-6.589064696628778,-8.845633354096991,32.0538861455757,-12.261579720710609,0.8705205948995265,0.05307257766135953,-0.48926188831356304
FF,"Duffey, Tyler",91.2,2198,6.22,-2.47,2.92,1.25,9.616950572977808,-132.44325562584416,-5.644785238780167,-3.5052145702545694,29.60634021912045,-13.226169487834152,0.9927690831465289,0.0760453780684925,-0.09287975033784451
FF,"Duffey, Tyler",91.4,2235,6.12,-1.82,3.92,-0.91,3.250153059436101,-132.882209504319,-2.347353268335876,-6.085125087347835,33.675076086237226,-16.689148094399012,0.9562671950697944,0.028531497743785286,-0.2910996483506022
FF,"Duffey, Tyler",91.1,2338,6.08,-2.59,2.85,-0.03,7.188475024480564,-132.40046907863123,-5.401528055372076,-5.783648933857894,29.732028959365746,-13.445000832549962,0.9599193495314262,0.06325668775234551,-0.2730447469733959
FF,"Duffey, Tyler",89.7,2123,6.25,-2.56,3.12,-0.2,6.223595790130649,-130.51114655587958,-4.812020431011113,-3.464515420901082,27.248287619406863,-14.851532351810391,0.9894565762802424,0.05216509112703149,-0.13510916668934597
FF,"Duffey, Tyler",91.7,2172,6.33,-2.8,3.54,-1.74,3.6298083906844183,-133.5748008486596,-4.529574012408163,-6.067244480225619,28.07673838852437,-12.945858238902336,0.9336124532822747,0.03745331491877736,-0.3563215349622407
FF,"Duffey, Tyler",91.5,2207,6.12,-2.7,1.63,0.32,8.974409598394557,-132.80058234799455,-8.634512465827184,-9.372255516634308,27.453053508503245,-13.038229965358472,0.8883104677733834,0.08931950751822497,-0.4504736822733764
FF,"Duffey, Tyler",92.2,2389,6.21,-2.69,3.4,0.45,7.680206091125729,-134.17762179459217,-3.694910258105602,0.4630114362800067,24.851175084723238,-18.71634904749041,0.9938461867201652,0.05422708058055646,0.09658768489562398
FF,"Duffey, Tyler",90.7,2273,6.27,-2.68,2.96,-0.78,4.414191796538929,-132.1134174260972,-4.446945675214372,0.8592413834054129,27.218376346073207,-20.007775402399204,0.995984630861038,0.030444173597839654,0.08418887920946808
FF,"Duffey, Tyler",92.3,2376,6.07,-2.14,2.51,-1.49,2.0117502433844097,-134.4090909278745,-6.107021458604027,-2.3881340680863823,27.478192231573654,-15.263048010454806,0.9927052465159697,0.020258370423716452,-0.11885239571604521
FF,"Duffey, Tyler",92.9,2422,6.23,-1.84,2.47,-0.18,4.016044421422501,-134.96505789896236,-7.434856151128707,0.2834543368715138,32.002596850246405,-10.280486072997686,0.9944913431622668,0.023971105656314894,0.10204094506091205
FF,"Duffey, Tyler",92.0,2377,6.31,-2.52,2.64,0.78,7.963468530558772,-133.60432773273658,-6.824623333376673,0.4222686689853075,30.5590680513183,-12.104131854073092,0.9855287426453371,0.05047648560176051,0.16181848417654973
FF,"Duffey, Tyler",92.2,2325,6.35,-2.57,2.18,0.1,6.4957380024421765,-133.82139114915668,-8.195596417420782,-0.0767566456573797,31.75933915251881,-11.213941471099847,0.9930075942631621,0.041431082762635484,0.11054131859536923
FF,"Duffey, Tyler",91.3,2342,6.13,-2.56,2.35,0.12,7.258853070217851,-132.78305592253295,-6.364989550491717,-4.099508217222899,24.23300366750707,-16.371023539837783,0.9858450403737347,0.06137218070583789,-0.15602247211834383
FF,"Duffey, Tyler",92.3,2388,6.05,-2.03,2.69,-0.06,5.871800808116357,-134.30967143382313,-5.4383161383780285,-5.982668215832731,26.327506817599104,-16.36080862393994,0.9622998471530284,0.05287324256713277,-0.2668022196116352
FF,"Duffey, Tyler",91.0,2405,6.14,-1.62,1.94,-0.57,3.224149062999804,-132.51542240248926,-7.590774963974269,-3.965450339903116,24.816405894847776,-14.980720412101048,0.9790258455086093,0.03531386192564475,-0.2006522488836076
FF,"Duffey, Tyler",93.2,2309,6.03,-2.05,3.28,0.01,5.862176901333752,-135.7242443936523,-3.957040138243562,-4.285633843203168,25.746266984159504,-16.934301359198738,0.9831610481272973,0.04760835066560425,-0.17643071839148355
FF,"Duffey, Tyler",91.8,2242,6.3,-2.46,2.91,0.0,7.304842843674969,-133.5907949267291,-5.591799742024064,-7.371715376613721,24.603354051994877,-15.725677724125331,0.938968167647803,0.06547942120211292,-0.3377147102854179
FF,"Duffey, Tyler",92.6,2310,6.21,-2.64,2.95,-0.68,6.047987394141721,-134.75892093548308,-5.80538649232061,-7.143671676311386,27.38430189402784,-12.995248113453606,0.921333119422694,0.057910933788202605,-0.3844367396628816
FF,"Duffey, Tyler",91.2,2184,6.12,-2.63,2.77,-1.28,4.205401340562435,-132.71809569081728,-5.454851687480147,-5.284207404898461,26.20503317828033,-15.393749234537614,0.9645067225411315,0.04128167706838462,-0.26081143631249454
FF,"Duffey, Tyler",92.3,2296,5.85,-2.32,2.71,-1.63,2.9470536161277234,-134.40126314874587,-5.339522892723499,-7.33387373113601,26.572392404820764,-13.896252381986145,0.9107986318365406,0.0363096070202165,-0.41125109687722805
FF,"Duffey, Tyler",92.7,2255,5.83,-2.21,3.35,-0.52,5.544315035060932,-134.90996578064167,-3.861356415935645,-7.986611821039455,31.216157073641995,-12.857290655182014,0.8977715527291505,0.049422340784797555,-0.43767987312834167
FF,"Duffey, Tyler",92.9,2261,5.9,-2.28,4.24,-0.72,5.473821480581951,-135.10786130747758,-1.3374432975273278,-9.561834337481397,31.60571608006145,-15.864918439290282,0.8894195043074138,0.04054130254563975,-0.45529039979496283
FF,"Duffey, Tyler",92.0,2210,5.99,-2.19,4.06,-1.09,4.331960117179063,-133.9704533030216,-1.918307142374024,-9.523145467469412,28.277896469610067,-16.156926246008556,0.8867387563348973,0.03527277175370294,-0.4609232144147771
FF,"Duffey, Tyler",93.2,2064,5.99,-2.01,3.38,-0.65,4.875713240854954,-135.6407398385831,-3.538278280467498,-8.884165386794354,29.273826396969515,-17.062345966022384,0.9146721527757654,0.04336149755306299,-0.4018639489510134
FF,"Duffey, Tyler",93.3,2080,5.9,-2.11,2.39,-0.72,5.7497318047546,-135.59831626004305,-6.161909754437783,-13.466016394774986,31.35497761380338,-14.525077582031834,0.7943234022372185,0.061147262786702836,-0.6044099146373956
FF,"Duffey, Tyler",91.4,2312,6.22,-1.62,3.44,-0.26,3.860135024430228,-133.17026392943137,-4.251603712641046,-3.127491969269208,25.49357687239121,-14.487015768414306,0.9874780949593644,0.033544853860333484,-0.15414848281742158
FF,"Duffey, Tyler",92.0,2213,6.2,-1.58,4.13,-0.54,3.949936841284311,-134.07576821598994,-1.9132782650252569,-8.036115677529091,26.23917471283987,-18.326835344182108,0.9316707562784955,0.03261093240355559,-0.36183715810185557
FF,"Duffey, Tyler",91.2,2388,6.15,-1.98,3.04,0.02,6.482892978480955,-132.68304686577264,-5.085567071180963,-9.391347717964306,27.71283179257632,-14.110330202941958,0.8820268183767884,0.06100427376728458,-0.4672335285981156
FF,"Duffey, Tyler",91.0,2348,6.15,-1.85,2.21,0.82,8.154112070751264,-132.15251516938815,-7.144847059155542,-9.794269930034329,29.48283636999972,-13.259867715800974,0.878241453603158,0.07968296601947372,-0.47153215595476783
FF,"Duffey, Tyler",91.4,2232,6.11,-2.08,2.6,-0.49,5.302750673464395,-132.83445005879094,-6.160238869309271,-8.375510752598167,31.01111151664352,-13.06449932708004,0.8958066997567772,0.05620633768726472,-0.4408754974759385
FF,"Duffey, Tyler",91.5,2207,6.31,-2.85,2.71,-0.61,6.650387851357936,-133.06360843452634,-6.254816595529061,-7.055887796907993,29.176956411064744,-14.208994920033028,0.9392473324561282,0.06280472887650375,-0.33744631351490034
FF,"Duffey, Tyler",92.4,2351,6.01,-1.96,1.85,-0.16,5.950044158600646,-134.2850327342084,-8.042637612478458,-8.901713092527682,28.280823930561823,-12.547157061463214,0.8789838554752678,0.06722148170728152,-0.47208966755364523
FF,"Duffey, Tyler",92.6,2395,6.15,-2.47,2.52,1.41,11.628874229265644,-134.14888356521735,-6.501734031553666,-12.252745089081312,30.10581283538222,-13.816425452188383,0.8414791063888857,0.09869015520939994,-0.5311997428234569
FF,"Duffey, Tyler",93.5,2465,6.07,-2.58,2.17,0.32,8.914036926361428,-135.83104156221296,-7.305383005260902,-9.898122791906124,27.980606771276104,-14.147030905866457,0.8859589315229763,0.08268477796770642,-0.4563332106554346
FF,"Duffey, Tyler",93.4,2433,6.13,-2.71,4.24,0.26,8.971730456943334,-135.7205442976278,-2.291094560259367,-9.371668169761111,29.47291831403795,-14.008378253890603,0.888240618399296,0.06638999106935574,-0.4545557973576479
